imageName,score,confidence,explanation,chart_type,chart_type_confidence
previs_development_A.png,0.88,0.95,"This is a clean horizontal bar chart with clear category labels, a straightforward layout, and visible gridlines that make value comparison easy. Readability is slightly reduced by the very large title and the top-positioned axis labels, but overall it is easy to interpret.",horizontal bar chart,0.99
previs_development_B.png,0.78,0.89,"The chart has a clear title, distinct colored lines, readable axes, and a straightforward time-series layout, making trends fairly easy to follow. Readability is slightly reduced by the dense gridlines and the legend being separated from the plotting area, which adds mild visual clutter.",multi-series line chart,0.99
previs_development_C.png,0.82,0.92,"The map has a clear title, intuitive color legend, and readable country labels for major regions, making the overall message easy to grasp. Readability is slightly reduced by dense small countries and the challenge of comparing similar shades across a world map.",choropleth map,0.99
previs_development_D.png,0.62,0.89,"The chart has a clear title, simple overall layout, and a familiar pie-chart structure, which supports basic comprehension. Readability is reduced by the lack of direct slice labels/values and the use of gradient fills that make category-to-slice matching less immediate.",pie chart,0.99
previs_development_E.png,0.78,0.88,"The diagram has a clean layout, large labels, and a clear legend, making the family relationships fairly easy to follow. Readability is slightly reduced by the unconventional table-like structure and connector logic, which requires some interpretation.",family tree diagram,0.98
previs_development_F.png,0.56,0.87,"The chart has a clear title, axes, gridlines, and direct value labels on many series, but readability is reduced by the large number of overlapping lines, similar colors, and a crowded legend that makes tracing categories difficult. Overall it is understandable but visually busy.",multi-series line chart,0.98
previs_validation_A.png,0.88,0.93,"The node-link diagram is spacious, clearly labeled, and uses distinct colors and line weights that make relationships easy to follow. Readability is slightly reduced by the many labels and the need to visually trace multiple connecting lines.",network graph,0.99
previs_validation_B.png,0.82,0.91,"The network is spacious with clearly labeled nodes, distinct color groups, and limited overlap, making relationships fairly easy to follow. Readability is slightly reduced by the dense cluster on the right and numerous crossing edges in that section.",node-link network graph,0.99
previs_validation_C.png,0.58,0.84,"The node-link network has clear labels, distinct color groups, and a readable title/legend, but readability is reduced by many overlapping edges and a dense central cluster that makes relationships harder to trace. Overall the layout is moderately understandable but somewhat cluttered.",network graph,0.99
