imageName,gt_score,ridge_pred,knn_pred,gb_pred
whoQ48_5.png,-0.01139,0.40415632724761963,0.71400527554,0.5384406633745275
treasuryG05_1.png,0.1371888814,0.7422930002212524,0.74862727836,1.0049421646424759
whoQ09_2.png,0.1826951783,0.7512557506561279,0.7257562723400001,0.5603802899132477
whoQ50_2.png,0.1978195823,1.0660086870193481,0.9807550820600002,0.7547455105745685
whoQ51_2.png,0.2023274305,0.8558965921401978,0.75919057418,0.9047342136442758
v484_n7394_5_f2.png,0.2246934355,0.8998776078224182,1.265163652,1.2889617222963525
whoQ52_4.png,0.2429026559,1.0671558380126953,0.72929404802,0.9997397833819793
economist_daily_chart_106.png,0.262376298,1.0767788887023926,0.96621476686,1.2217676607837504
whoN22.png,0.2898477859,1.2223626375198364,1.1170646638800001,1.328704887911868
economist_daily_chart_529.png,0.297307648,1.286784291267395,1.29738052376,1.4160103419559478
whoJ44.png,0.348623219,0.7919431924819946,0.8831653241999998,0.8902049166064753
whoJ23.png,0.3872482597,0.9802135229110718,0.9740699018799999,1.1408435640334085
whoQ18_3.png,0.4064863301,1.0049848556518555,0.5968519639600001,0.9992509729231426
whoN16_1.png,0.4255238653,0.7699528932571411,0.86700205,0.9295276617511622
whoQ48_4.png,0.430277,0.5846230983734131,0.6327129101799999,0.4473721633596421
whoQ32_2.png,0.4490810869,1.0184458494186401,1.21908913924,1.006971268973178
whoQ44_4.png,0.4622822098,0.8477773666381836,0.61265298278,1.0184652137032277
whoN05.png,0.473050274,0.9580641984939575,1.0150215761,0.8351628596392037
economist_daily_chart_66.png,0.4853713239,1.0207715034484863,1.04392707174,1.0090150014175645
treasuryI01_2.png,0.4907614187,0.8813363313674927,1.0804367129399999,1.0222440974827542
economist_daily_chart_4.png,0.5017993682,1.2063196897506714,0.9611274256400002,0.8794652929025113
wsj308.png,0.5026258918,1.1722532510757446,1.26532631166,0.9083645199416297
economist_daily_chart_242.png,0.5232726283,1.3318159580230713,0.9524255934399999,1.5216943408974795
whoJ33.png,0.5444546883,0.39786297082901,0.7200041990799999,0.3496007626028728
economist_daily_chart_258.png,0.5449140588,1.6611764430999756,1.62958744072,1.5972588434802402
whoK12_2.png,0.5501245053,1.0539684295654297,1.03745595402,1.0612810962509025
whoQ06_2.png,0.5527697514,0.6252208948135376,0.6866938523,0.8171779176592212
whoJ32.png,0.5877408908,1.1676183938980103,0.7985807629,0.6505429263296986
v483_n7387_5_f1.png,0.603066601,1.1855096817016602,0.87919940584,0.90468367887701
v488_n7411_6_f4.png,0.603225,1.2288016080856323,1.27920296316,1.139083537024361
treasuryB04.png,0.6212375157,1.0127477645874023,0.86065443238,0.9700604407687148
whoQ11_1.png,0.6253321912,1.0348668098449707,1.1408389496,1.3659868830100663
whoJ48_2.png,0.6295631814,0.9218971729278564,0.86999109308,0.8632160016458852
whoN32_2.png,0.6367114623,0.9715713262557983,0.87145075854,1.1680763523002826
whoJ36_2.png,0.6491496042,0.8261212110519409,0.65109129408,0.7418913858119914
economist_daily_chart_167.png,0.6505093781,0.8880175352096558,0.94870865296,0.792968468899377
whoN21_1.png,0.6544146367,0.8487951159477234,0.7320758145199999,0.8965407363037549
whoJ15_1.png,0.6580663702,0.9228613376617432,1.03728925918,0.7871981444306259
v487_n7405_6_f4.png,0.6588631393,1.0480070114135742,1.0196777748199999,1.0579164149057256
whoB15_1.png,0.6695830178,1.1955478191375732,1.12564420098,1.1076334348456491
whoJ36_1.png,0.671034252,0.8097794055938721,1.09571283384,0.8130838644254794
economist_daily_chart_324.png,0.6719066182,1.0986661911010742,1.08825988772,1.0800233211308365
wsj612.png,0.6783981202,1.1768405437469482,1.24701399516,1.2546882798565955
whoB13_2.png,0.6827918956,1.6474857330322266,1.5502122969999999,1.5468801716061171
whoL06.png,0.693737,1.0148770809173584,0.9302361908000002,0.9190280593628037
whoQ42_1.png,0.713893271,0.6967214345932007,1.0943190712,0.6723072060303976
whoB32_1.png,0.7138950282,1.3501017093658447,1.2634317683999998,1.1039775009881139
whoQ14_2.png,0.730703,0.9914499521255493,0.83813335384,0.9863030587095629
whoN23_2.png,0.74607,0.7732973098754883,0.8335605093000001,0.7016465068970505
whoB25_2.png,0.7544017691,0.8406782150268555,1.1025165747399999,0.9896551229467556
economist_daily_chart_453.png,0.7566690986,1.2120261192321777,1.3529659420000002,1.165777385192375
whoB20_1.png,0.7595328379,1.1894006729125977,0.9942396131599999,0.9136581380161285
whoQ41_1.png,0.768486013,0.7221403121948242,0.6944568392999999,1.101955350073538
whoK31.png,0.7786662301,1.131213903427124,0.91442337714,0.8994610563090923
v489_n7414_25_f2.png,0.7889439547,1.0365097522735596,1.3129348020999998,1.2182809325431714
treasuryK03_3.png,0.789473883,1.214416742324829,1.2796881283200001,1.188585119635682
economist_daily_chart_439.png,0.8135125275,1.2255083322525024,1.09011253138,1.2274288650591525
economist_daily_chart_99.png,0.8199524875,1.3023724555969238,1.31324756334,1.6251780350660732
whoK06_2.png,0.824404,0.95790696144104,0.8339503043000001,0.7230517856904572
economist_daily_chart_240.png,0.826094,0.8375767469406128,0.78605968106,0.904656409134567
whoK23_2.png,0.8278498217,1.4635244607925415,1.17796718646,1.6890486979987143
whoO06_2.png,0.8373510211,1.109298825263977,0.82984648218,1.0133481576193302
treasuryL11_2.png,0.8461621992,1.034592628479004,1.02731944494,1.08056852849254
v490_n7420_13_f4.png,0.8631508885,0.9318162202835083,0.7796661254,1.0443949428879171
economist_daily_chart_215.png,0.8668582516,1.393539547920227,1.23849016336,1.744690944604704
economist_daily_chart_75.png,0.8739027356,0.8068594932556152,1.0200781359,0.9061148162058589
treasuryK03_2.png,0.8796505029,1.2752646207809448,1.02576932518,1.4049173357948002
wsj28.png,0.8873553774,1.2075481414794922,1.2259821990400002,1.1455885960026193
economist_daily_chart_449.png,0.8892743293,1.3499771356582642,0.8907149679199999,1.0246960473252429
treasuryG07_2.png,0.891730508,0.8774000406265259,0.8308819635400001,0.6877826820366377
economist_daily_chart_165.png,0.8985375476,0.9060044288635254,0.87336701938,0.971825364406481
v486_n7404_9_f2.png,0.9001956721,1.2488490343093872,1.05781167582,1.1746923756057142
treasuryI02_1.png,0.9075057277,1.0042541027069092,0.8592885537200001,1.2410083500053906
economist_daily_chart_491.png,0.91435,1.0971057415008545,1.01811453986,0.9027196760550694
economist_daily_chart_392.png,0.9310591033,1.0916038751602173,1.0043435904,1.1073165397188727
wsj262.png,0.9312166737,1.4858694076538086,1.2812618699599998,1.4822843642933128
v485_n7400_14_f2.png,0.935114,1.6964902877807617,1.7874206716,1.8422722081260234
v485_n7397_6_f4.png,0.9383940673,1.2097784280776978,0.78581114178,1.2898401931507035
wsj108.png,0.9426144192,1.114099383354187,0.60570544218,1.1820363555151996
treasuryB15.png,0.9566204385,1.3952105045318604,1.16238709324,1.08088975834944
v486_n7404_20_f6.png,0.9601333241,1.2124311923980713,0.87379126504,1.0124803169994945
whoK17_1.png,0.9638548143,0.8569992780685425,0.67556028966,0.686976438393571
economist_daily_chart_390.png,0.969627308,1.3308360576629639,1.21924821656,1.0782920241266638
wsj170.png,0.9791011348,1.291419267654419,1.4489701681400002,1.2550614996481562
v484_n7393_6_f4.png,0.9803047251,1.0406314134597778,1.2190421747199998,0.9121100768482118
wsj405.png,0.993605,1.3004964590072632,1.4913809707,1.244503821628248
economist_daily_chart_5.png,0.9970138799,0.8404287099838257,0.82684465332,0.7603426398873286
treasuryK06.png,0.9989485406,1.026911735534668,0.9640470645400001,1.1835073470638477
economist_daily_chart_187.png,1.002582734,1.0657691955566406,0.9773429974199999,1.2537262823742668
economist_daily_chart_103.png,1.024258725,0.9173694849014282,0.83691821224,0.9783592388434507
v490_n7418_12_f1.png,1.025310615,1.217183232307434,1.04385085376,1.1040793120160488
whoI11_1.png,1.038121467,1.4930232763290405,1.3267895483799999,1.4649223170294448
treasuryA10.png,1.048108408,0.8484839200973511,0.635052496,0.7319325512888724
economist_daily_chart_380.png,1.049131398,1.4066575765609741,1.3730987149199998,1.2298988817847887
treasuryL16.png,1.050092091,1.2410316467285156,1.1960911157399998,1.2532454058716027
whoJ40_1.png,1.053835541,0.9563900232315063,1.0176187698399999,0.8292585930344736
economist_daily_chart_54.png,1.056721412,1.3738625049591064,2.1966847368,1.3116143502475752
wsj294.png,1.066158624,1.5124518871307373,1.1391003563600002,1.3126458854171403
wsj277.png,1.066823865,1.2747344970703125,1.2013301188,1.3466345727376023
wsj167.png,1.071930941,1.3239045143127441,1.17308666904,1.526270911422264
treasuryL03_2.png,1.07257427,1.181500792503357,1.0378171331600001,1.0125781440711579
whoK04_2.png,1.0731653,0.975017786026001,0.6507183489600001,1.1176786864052564
whoB03_1.png,1.081976932,1.192269206047058,0.87203688474,1.1465776837961414
wsj459.png,1.082294409,1.1656889915466309,1.43630610664,1.275808300790987
economist_daily_chart_430.png,1.096713151,1.3367303609848022,1.45568247392,1.5133341135202831
wsj508.png,1.099982898,1.1421247720718384,0.88590002816,1.3452608867069853
wsj474.png,1.100164097,1.2716705799102783,1.273063096,1.4335409981481142
v490_n7418_1_f2.png,1.111353338,0.9941761493682861,1.08895945776,1.461246551595373
wsj54.png,1.11590138,0.9456125497817993,0.7933745738199999,1.395075167655055
treasuryG06_2.png,1.124867506,1.1656792163848877,0.97927814546,1.2711203880871693
wsj533.png,1.125933074,1.6440885066986084,1.3080596549399999,1.65435341493755
whoB24_1.png,1.132420201,1.0855910778045654,1.33459255418,1.0198658275725867
v487_n7405_7_f1.png,1.140515444,1.087097406387329,0.8559308706,1.0684869170444022
economist_daily_chart_406.png,1.144788615,1.5778754949569702,1.6715700063999996,1.6990974046212977
visMost132.png,1.148058445,2.0724549293518066,1.734482623,1.9422595768463595
economist_daily_chart_69.png,1.1705583,0.948808491230011,0.9557880897800001,1.0107371961659655
v486_n7401_8_f1.png,1.175656056,1.1675405502319336,1.04661527968,1.0232098181931
whoJ40_2.png,1.180974897,1.0115034580230713,0.96035690538,1.0047867928838012
economist_daily_chart_116.png,1.193999319,0.9703867435455322,1.00270365524,1.1752217260163182
visMost143.png,1.196113031,1.0572580099105835,0.8862528443999999,0.8952919728761966
treasuryG02_2.png,1.200912612,1.2282053232192993,1.12802836356,1.3241568473008567
v488_n7412_1_f4.png,1.203355521,0.7206844091415405,0.8587839473599999,0.8518166764236195
v488_n7410_15_f3.png,1.204311968,1.5031901597976685,0.82540808502,1.3256733381402566
v487_n7405_21_f2.png,1.213483441,1.268359899520874,0.7593561023000001,1.275228129513316
wsj259.png,1.2299647,1.4868098497390747,1.6283237920800002,1.2412876856366
whoI12_2.png,1.231614763,1.6572585105895996,1.5690687898,1.447737329309125
wsj11.png,1.232340861,1.07948899269104,0.7830497658800001,1.2272033509704554
wsj135.png,1.234535819,1.2506296634674072,1.4082274964,1.1503481321192393
wsj172.png,1.239032297,1.554469347000122,1.5223916794,1.2998234028943834
whoI19.png,1.247422614,0.9695637226104736,1.14261324342,1.0955123496619903
v487_n7408_15_f3.png,1.251407846,1.4574445486068726,1.3145739744,1.2492504268210505
wsj481.png,1.2626636,1.1412888765335083,1.3775924631999998,1.2945433711208207
v488_n7412_9_f1.png,1.26765355,1.9790053367614746,1.560099511,1.8240310229908505
vis673.png,1.269935351,1.4364124536514282,1.8678993413999998,1.372129279495139
v485_n7397_15_f1.png,1.271766855,1.261283040046692,1.4510455820200001,1.2223515978663688
vis564.png,1.283116703,1.971801996231079,2.0286393856,2.7242345271980066
economist_daily_chart_85.png,1.28574974,0.8877055048942566,0.7980361865400001,1.0237091991865472
wsj9.png,1.290967554,1.2225370407104492,0.9455466078000001,1.136350725087949
treasuryD05_1.png,1.292794723,1.0705506801605225,1.01289354168,0.9262442187658918
economist_daily_chart_454.png,1.297646957,1.4753233194351196,0.9479594595999998,1.4357022294388027
v488_n7413_3_f2.png,1.304366495,1.368471384048462,1.6058488574000003,1.3135799156410792
economist_daily_chart_35.png,1.306649997,1.1552386283874512,0.77647215144,1.1281928880758698
wsj359.png,1.322267797,1.1251459121704102,1.26684514404,1.2378714421768153
v484_n7394_5_f5.png,1.341925343,1.6217530965805054,1.23192245404,1.6795089527843896
whoQ26.png,1.344340477,1.1992642879486084,1.3161579681799997,1.15794484792957
visMost240.png,1.362848491,2.135248899459839,2.1762069332,1.8156419754687954
economist_daily_chart_520.png,1.366550262,1.3862704038619995,1.2973805237599998,1.377827253470616
economist_daily_chart_53.png,1.369532357,0.9914239048957825,0.87421107084,0.9705689688718687
v485_n7399_9_f2.png,1.369658809,0.9847654104232788,1.09642461426,1.098773307290762
whoB05_1.png,1.377216533,1.062099814414978,0.7784961018000001,0.9436793214509586
economist_daily_chart_110.png,1.383423648,1.1527862548828125,0.9108491463600001,1.2967018807684096
wsj220.png,1.385309882,1.1528056859970093,1.0061861428999999,0.8294646903862158
wsj540.png,1.391199312,1.4383153915405273,1.38471084344,1.4062150484325302
treasuryK05_1.png,1.39217741,1.2570651769638062,1.2645550602,1.2475311674253808
wsj360.png,1.401662631,1.1578984260559082,1.27260434664,1.038008062651043
wsj176.png,1.405482406,1.242257833480835,1.2007018083600003,1.387344688135031
economist_daily_chart_516.png,1.408969049,0.9575793743133545,1.06345447234,0.9638235799030089
wsj521.png,1.411358215,1.4209321737289429,1.3806758864,1.307135303477287
economist_daily_chart_48.png,1.421634964,1.7108442783355713,1.5054760117000001,1.7980470352225648
wsj286.png,1.425408538,2.0599522590637207,2.0633320462,1.9961362412700663
visMost374.png,1.427243179,2.0403504371643066,1.5568926218,1.824419908678085
vis87.png,1.436333671,1.8474632501602173,1.5852755342,2.3968431292601697
whoK19_1.png,1.440155044,1.2486610412597656,1.03713455948,1.0130434284223004
economist_daily_chart_153.png,1.45760778,0.9667830467224121,0.8595320101,0.9561485968649341
v483_n7391_8_f1.png,1.461969409,1.0855698585510254,1.01613697428,1.2937077809433977
economist_daily_chart_89.png,1.462248597,1.564863920211792,1.5832628398000002,1.7207900468300055
wsj271.png,1.476460221,1.1197359561920166,1.0835426952999998,1.0675166410278547
wsj392.png,1.485630723,1.609368920326233,1.5502933319999999,1.7321846941512176
visMost271.png,1.485962632,2.210721492767334,1.6824939800000003,2.068601459434425
wsj462.png,1.486280051,1.6186621189117432,1.6765130648,1.4338980780487498
whoI11_2.png,1.487340042,1.2887308597564697,1.01191136404,1.2676751785853397
economist_daily_chart_416.png,1.489888972,1.2727562189102173,0.91327431152,1.303344165817801
v485_n7400_14_f1.png,1.495018189,1.6920114755630493,1.6550749076,1.7394921775737702
v483_n7388_11_f2.png,1.498788701,1.148036003112793,1.7306409630600001,1.2444842098264641
economist_daily_chart_124.png,1.505418113,1.8905620574951172,1.7085516939999998,1.7687015346765664
wsj270.png,1.506662504,1.1420122385025024,1.09168528062,1.0418838022486867
treasuryB10.png,1.507576327,1.0925909280776978,0.9464030402800001,1.0760603583757302
vis230.png,1.514794296,1.3421714305877686,1.037026755,1.2995727275470779
economist_daily_chart_317.png,1.528768459,1.207457423210144,1.0670936430000002,1.347803529018842
v487_n7406_13_f2.png,1.539860994,1.078769326210022,0.8124316202799999,1.3543543440773231
wsj340.png,1.554075167,1.7785453796386719,1.44522058332,1.7894781289038542
v484_n7395_11_f1.png,1.578235,1.978389024734497,1.8879129926,2.2090306343870947
wsj529.png,1.585297497,1.4990342855453491,1.15311155336,1.5739508357980336
vis409.png,1.606200266,1.6642459630966187,1.5631315699200001,1.7878318127755288
visMost357.png,1.616268111,2.2728946208953857,1.7508810873999998,2.1655310086726347
wsj55.png,1.619856259,1.4574779272079468,1.01443239258,1.4901496327764805
v484_n7394_10_f4.png,1.634350244,1.4958395957946777,1.7117943291,1.4634706200333076
wsj316.png,1.636020859,2.1449661254882812,2.2791601594,1.985922411963037
visMost376.png,1.636511442,1.6398828029632568,1.5437874724,1.6050578130453992
wsj144.png,1.638452673,1.161379337310791,1.6698236978,1.4737901216485811
vis618.png,1.650021064,1.495679497718811,1.4518010746,1.489202610402021
visMost187.png,1.654752674,1.3624556064605713,1.6484591080000002,1.7680486642657671
visMost505.png,1.671395798,1.4509719610214233,1.47362886064,1.444996005702205
economist_daily_chart_129.png,1.678386099,0.9148410558700562,1.06720023054,0.8021274471338838
v486_n7403_19_f2.png,1.681255943,1.5185598134994507,1.8534156196600002,1.0258855420962238
visMost420.png,1.692088966,2.1835830211639404,1.6711756050000002,2.3646298468352596
vis853.png,1.694851178,2.096862316131592,1.9789177891999998,1.8229884040793445
visMost190.png,1.696733092,2.0235092639923096,2.5879443916,2.1078388104068817
visMost537.png,1.713343682,1.933607816696167,1.7242938666,1.6496188865238313
v485_n7400_15_f2.png,1.713843825,1.9710667133331299,2.07318658872,1.592489282423694
v489_n7416_15_f2.png,1.714178985,0.8060928583145142,0.81549883906,1.162302395858764
economist_daily_chart_202.png,1.734842518,0.8867311477661133,0.93380670894,0.7716528933206707
wsj99.png,1.772485929,2.2001118659973145,1.9220276762000001,2.3567069772254867
wsj511.png,1.779033137,1.6523597240447998,1.4148583969999997,1.7259065130246196
v489_n7415_12_f5.png,1.787028751,1.3756297826766968,0.8668147976,1.2559255477281677
v483_n7390_8_f1.png,1.794173372,0.9490799903869629,0.8044928127200001,0.9925426521066179
wsj292.png,1.806105416,1.2908371686935425,1.15472492324,1.28122513979344
wsj162.png,1.806686396,1.4966192245483398,1.6795482012,1.671670948556469
visMost601.png,1.825610006,2.673062324523926,2.7118631486,2.1924211913239926
v486_n7401_8_f2.png,1.847839609,2.109102487564087,2.3041101234,2.1785888980352746
economist_daily_chart_45.png,1.853843325,1.2881689071655273,1.3335658858400001,1.1394744177425529
visMost147.png,1.86561657,2.2365562915802,2.281602286,2.1705694644042435
visMost77.png,1.877748915,1.6848030090332031,1.8553329960000002,1.6955006296835247
economist_daily_chart_219.png,1.910181717,1.5861831903457642,1.25158921074,1.5190540600949078
visMost92.png,1.916614694,2.0777201652526855,2.0494330804,2.2694778257255366
v483_n7388_14_f3.png,1.91901701,1.1137008666992188,1.25112591436,0.8465838313238888
economist_daily_chart_475.png,1.925137839,1.8622844219207764,1.8775189501999996,2.294060336691739
visMost468.png,1.938304593,1.6260130405426025,1.5961878689600002,1.8948709337891334
v483_n7391_1_f1.png,1.942093,2.038806915283203,2.3968645852000003,2.0525276202361122
vis734.png,1.95162953,1.9724664688110352,1.6341635691,1.9473317537409678
vis278.png,1.954379794,1.743902325630188,1.5402492596000001,1.8657728188135152
wsj21.png,1.959520214,1.7693753242492676,2.0938108214,1.7570356199612551
v486_n7403_1_f8.png,1.97204193,1.4982223510742188,1.09868724754,1.2297918296307713
wsj593.png,1.973783612,1.4145296812057495,1.6135437320000001,1.4132158518343878
visMost635.png,1.980229232,1.780547857284546,1.9091692007999999,2.409490738857425
vis586.png,1.990422428,1.1814721822738647,1.1980420784599999,1.2293688066386537
v489_n7416_3_f4.png,1.994699648,1.7217556238174438,1.66011596938,1.8902749278566975
visMost575.png,1.995741205,1.640955924987793,1.51299718352,1.5682049366976956
v490_n7418_14_f2.png,2.006362707,1.064587116241455,1.0075936114400001,0.816789694558689
v490_n7419_11_f1.png,2.016278256,2.1621878147125244,2.157010937,2.0080501679096496
wsj553.png,2.022926,1.5168184041976929,1.31713027264,1.469095347328172
vis630.png,2.026499579,1.7623193264007568,1.6771113444,1.630595790056293
vis697.png,2.040186342,2.384345769882202,2.5220212402,2.042171675893581
vis625.png,2.054398964,1.6605385541915894,1.4303122735600002,1.8197308700342818
wsj20.png,2.066743762,2.065828800201416,1.6777952883999998,2.070678253427542
vis399.png,2.070026898,0.8243780136108398,1.2289512388,0.9150391237092916
wsj226.png,2.083659589,1.382877230644226,1.67771882452,1.604022245860911
wsj395.png,2.089757706,1.049609899520874,0.89423070878,1.1189500146031928
v486_n7404_6_f1.png,2.115071516,2.417597770690918,2.1776170284200003,2.388025634934679
wsj441.png,2.115654723,1.7597072124481201,1.3280119219,1.8064527472392065
np_7.png,2.124988036,1.7426371574401855,1.6831724686,1.8734702372284746
wsj557.png,2.126607306,2.3237714767456055,1.8582348320000002,2.318230638475837
economist_daily_chart_493.png,2.13110493,1.451638102531433,1.451571558,1.6143306735879832
economist_daily_chart_521.png,2.159468881,0.9839413166046143,0.83388972072,1.0892230478275693
np_48.png,2.193197059,2.2908949851989746,2.1195064814,1.7730194546146127
visMost282.png,2.231038567,2.7322216033935547,1.9717053183999997,2.0945478566412445
visMost108.png,2.245609084,1.6353191137313843,1.6781032245199998,1.749246966561725
wsj184.png,2.300491,2.0864217281341553,1.5637306256000003,2.0765620035531422
whoL11.png,2.324528433,2.021181106567383,1.8685508167999998,1.9444226390634487
vis250.png,2.337578939,2.357487440109253,2.2377771654,2.3733609570100405
vis729.png,2.366104798,1.628848910331726,1.53074005646,1.6395414195002784
visMost54.png,2.366335409,2.747154712677002,1.9164866694,2.403703436377412
vis286.png,2.412067222,2.646780014038086,1.9671931994,2.078834612894641
economist_daily_chart_268.png,2.414487678,1.8910682201385498,1.6291989936,2.132722111805904
wsj52.png,2.511432545,1.5030168294906616,1.5610933408,1.4681215122910398
visMost523.png,2.585230401,2.268282651901245,2.168246504,1.8714195986828637
wsj129.png,2.672951409,2.162367343902588,1.9539657196,1.6216980832799588
np_21.png,2.682875151,1.5878822803497314,1.5369006972,1.69026045748312
visMost55.png,2.693986617,1.9061836004257202,1.6351680238,2.350870401611866
wsj299.png,2.738395609,2.2212722301483154,2.0763177454,2.2060505416994562
vis67.png,2.771703694,2.0498785972595215,1.8388923586,1.930293925592943
visMost83.png,2.872530713,1.2696173191070557,0.99016534532,1.311904969577743
wsj536.png,2.88393,2.1350464820861816,2.137516891,2.5987502529622826
wsj264.png,2.890637388,2.231320381164551,1.9875092223,2.509736134026803
v488_n7411_9_f1.png,2.913941881,2.2397263050079346,1.9489535258,1.9883468825205832
visMost745.png,3.105736811,2.4493422508239746,1.8570524128000003,2.6055485316985427
v484_n7392_14_f3.png,3.187134188,1.6895678043365479,1.22435474592,1.2294649261113868
v488_n7412_8_f1.png,3.298924976,1.781261682510376,1.6337465427999998,1.686637033178056
vis768.png,3.319693418,1.1795512437820435,0.9851374825599999,1.267370076016148
whoI22.png,3.389245528,1.153250813484192,1.0742390058600002,1.5711675299900836
vis652.png,3.910909401,1.9056084156036377,1.91875451072,2.039731965785794
vis678.png,4.007825841,1.8058439493179321,1.5958487496,2.0650012700541835
vis831.png,4.27145907,1.5759682655334473,1.6438584842000001,1.7950982582439468
