imageName,gt_score,resmem_score,MASSVisType,VisType,imageURL,NormalizedVC
whoQ48_5.png,-0.01139,0.9116973280906677,Lines,Line,https://raw.githubusercontent.com/c109363/ExperimentImage/main/1800_cut/whoQ48_5.png,0.362
treasuryG05_1.png,0.1371888814,0.9243402481079102,Lines,Line,https://raw.githubusercontent.com/c109363/ExperimentImage/main/1800_cut/treasuryG05_1.png,0.443
whoQ09_2.png,0.1826951783,0.7991921305656433,Bars,Bar,https://raw.githubusercontent.com/c109363/ExperimentImage/main/1800_cut/whoQ09_2.png,0.446
whoQ50_2.png,0.1978195823,0.8805025219917297,Bars,Bar,https://raw.githubusercontent.com/c109363/ExperimentImage/main/1800_cut/whoQ50_2.png,0.278
whoQ51_2.png,0.2023274305,0.8640540242195129,Bars,Bar,https://raw.githubusercontent.com/c109363/ExperimentImage/main/1800_cut/whoQ51_2.png,0.305
v484_n7394_5_f2.png,0.2246934355,0.8115286231040955,Lines,Line,https://raw.githubusercontent.com/c109363/ExperimentImage/main/1800_cut/v484_n7394_5_f2.png,0.583
whoQ52_4.png,0.2429026559,0.8880764245986938,Area,Area,https://raw.githubusercontent.com/c109363/ExperimentImage/main/1800_cut/whoQ52_4.png,0.461
economist_daily_chart_106.png,0.262376298,0.8515837788581848,Bars,Bar,https://raw.githubusercontent.com/c109363/ExperimentImage/main/1800_cut/economist_daily_chart_106.png,0.527
whoN22.png,0.2898477859,0.7879584431648254,Maps,Area,https://raw.githubusercontent.com/c109363/ExperimentImage/main/1800_cut/whoN22.png,0.566
economist_daily_chart_529.png,0.297307648,0.9393476247787476,Bars,Bar;line,https://raw.githubusercontent.com/c109363/ExperimentImage/main/1800_cut/economist_daily_chart_529.png,0.426
whoJ44.png,0.348623219,0.8231838941574097,Lines,Line,https://raw.githubusercontent.com/c109363/ExperimentImage/main/1800_cut/whoJ44.png,0.307
whoJ23.png,0.3872482597,0.9395522475242615,Circles,Area,https://raw.githubusercontent.com/c109363/ExperimentImage/main/1800_cut/whoJ23.png,0.389
whoQ18_3.png,0.4064863301,0.8686400651931763,Bars,Bar,https://raw.githubusercontent.com/c109363/ExperimentImage/main/1800_cut/whoQ18_3.png,0.561
whoN16_1.png,0.4255238653,0.7878414392471313,Bars,Bar,https://raw.githubusercontent.com/c109363/ExperimentImage/main/1800_cut/whoN16_1.png,0.568
whoQ48_4.png,0.430277,0.8858212828636169,Area,Area,https://raw.githubusercontent.com/c109363/ExperimentImage/main/1800_cut/whoQ48_4.png,0.400
whoQ32_2.png,0.4490810869,0.8298131227493286,Points,Point,https://raw.githubusercontent.com/c109363/ExperimentImage/main/1800_cut/whoQ32_2.png,0.559
whoQ44_4.png,0.4622822098,0.858281135559082,Area,Area,https://raw.githubusercontent.com/c109363/ExperimentImage/main/1800_cut/whoQ44_4.png,0.516
whoN05.png,0.473050274,0.877916157245636,Lines,Line,https://raw.githubusercontent.com/c109363/ExperimentImage/main/1800_cut/whoN05.png,0.395
economist_daily_chart_66.png,0.4853713239,0.7900755405426025,Lines,Line,https://raw.githubusercontent.com/c109363/ExperimentImage/main/1800_cut/economist_daily_chart_66.png,0.436
treasuryI01_2.png,0.4907614187,0.89509516954422,Lines,Line,https://raw.githubusercontent.com/c109363/ExperimentImage/main/1800_cut/treasuryI01_2.png,0.420
economist_daily_chart_4.png,0.5017993682,0.8758376836776733,Bars,Bar,https://raw.githubusercontent.com/c109363/ExperimentImage/main/1800_cut/economist_daily_chart_4.png,0.545
wsj308.png,0.5026258918,0.9346990585327148,Bars,Bar,https://raw.githubusercontent.com/c109363/ExperimentImage/main/1800_cut/wsj308.png,0.520
economist_daily_chart_242.png,0.5232726283,0.9071256518363953,Bars,Bar;line,https://raw.githubusercontent.com/c109363/ExperimentImage/main/1800_cut/economist_daily_chart_242.png,0.474
whoJ33.png,0.5444546883,0.8105508685112,Lines,Line,https://raw.githubusercontent.com/c109363/ExperimentImage/main/1800_cut/whoJ33.png,0.445
economist_daily_chart_258.png,0.5449140588,0.9000447392463684,Points,Point,https://raw.githubusercontent.com/c109363/ExperimentImage/main/1800_cut/economist_daily_chart_258.png,0.783
whoK12_2.png,0.5501245053,0.7940260171890259,Maps,Area,https://raw.githubusercontent.com/c109363/ExperimentImage/main/1800_cut/whoK12_2.png,0.396
whoQ06_2.png,0.5527697514,0.866569459438324,Lines,Line,https://raw.githubusercontent.com/c109363/ExperimentImage/main/1800_cut/whoQ06_2.png,0.413
whoJ32.png,0.5877408908,0.8622936010360718,Bars,Bar,https://raw.githubusercontent.com/c109363/ExperimentImage/main/1800_cut/whoJ32.png,0.482
v483_n7387_5_f1.png,0.603066601,0.7686394453048706,Lines,Line,https://raw.githubusercontent.com/c109363/ExperimentImage/main/1800_cut/v483_n7387_5_f1.png,0.713
v488_n7411_6_f4.png,0.603225,0.8269771933555603,Lines,Line,https://raw.githubusercontent.com/c109363/ExperimentImage/main/1800_cut/v488_n7411_6_f4.png,0.621
treasuryB04.png,0.6212375157,0.8597549200057983,Lines,Line,https://raw.githubusercontent.com/c109363/ExperimentImage/main/1800_cut/treasuryB04.png,0.689
whoQ11_1.png,0.6253321912,0.8347498178482056,Lines,Line,https://raw.githubusercontent.com/c109363/ExperimentImage/main/1800_cut/whoQ11_1.png,0.668
whoJ48_2.png,0.6295631814,0.7467719912528992,Maps,Area,https://raw.githubusercontent.com/c109363/ExperimentImage/main/1800_cut/whoJ48_2.png,0.603
whoN32_2.png,0.6367114623,0.7606913447380066,Bars,Bar,https://raw.githubusercontent.com/c109363/ExperimentImage/main/1800_cut/whoN32_2.png,0.303
whoJ36_2.png,0.6491496042,0.8585811257362366,Lines,Line,https://raw.githubusercontent.com/c109363/ExperimentImage/main/1800_cut/whoJ36_2.png,0.326
economist_daily_chart_167.png,0.6505093781,0.8513649702072144,Bars,Bar,https://raw.githubusercontent.com/c109363/ExperimentImage/main/1800_cut/economist_daily_chart_167.png,0.426
whoN21_1.png,0.6544146367,0.8493120074272156,Bars,Bar,https://raw.githubusercontent.com/c109363/ExperimentImage/main/1800_cut/whoN21_1.png,0.341
whoJ15_1.png,0.6580663702,0.8269801735877991,Bars,Bar,https://raw.githubusercontent.com/c109363/ExperimentImage/main/1800_cut/whoJ15_1.png,0.427
v487_n7405_6_f4.png,0.6588631393,0.8068292140960693,Lines,Line,https://raw.githubusercontent.com/c109363/ExperimentImage/main/1800_cut/v487_n7405_6_f4.png,0.532
whoB15_1.png,0.6695830178,0.8959364295005798,Bars,Bar,https://raw.githubusercontent.com/c109363/ExperimentImage/main/1800_cut/whoB15_1.png,0.661
whoJ36_1.png,0.671034252,0.7778817415237427,Bars,Bar,https://raw.githubusercontent.com/c109363/ExperimentImage/main/1800_cut/whoJ36_1.png,0.345
economist_daily_chart_324.png,0.6719066182,0.8674419522285461,Bars,Bar,https://raw.githubusercontent.com/c109363/ExperimentImage/main/1800_cut/economist_daily_chart_324.png,0.459
wsj612.png,0.6783981202,0.9047275185585022,Lines,Line,https://raw.githubusercontent.com/c109363/ExperimentImage/main/1800_cut/wsj612.png,0.488
whoB13_2.png,0.6827918956,0.8124239444732666,Circles,Area,https://raw.githubusercontent.com/c109363/ExperimentImage/main/1800_cut/whoB13_2.png,0.556
whoL06.png,0.693737,0.8483502864837646,Bars,Bar,https://raw.githubusercontent.com/c109363/ExperimentImage/main/1800_cut/whoL06.png,0.488
whoQ42_1.png,0.713893271,0.8210657835006714,Bars,Bar,https://raw.githubusercontent.com/c109363/ExperimentImage/main/1800_cut/whoQ42_1.png,0.333
whoB32_1.png,0.7138950282,0.9083613157272339,Bars,Bar,https://raw.githubusercontent.com/c109363/ExperimentImage/main/1800_cut/whoB32_1.png,0.424
whoQ14_2.png,0.730703,0.8909050822257996,Bars,Bar,https://raw.githubusercontent.com/c109363/ExperimentImage/main/1800_cut/whoQ14_2.png,0.457
whoN23_2.png,0.74607,0.817251443862915,Bars,Bar,https://raw.githubusercontent.com/c109363/ExperimentImage/main/1800_cut/whoN23_2.png,0.374
whoB25_2.png,0.7544017691,0.7251842617988586,Lines,Line,https://raw.githubusercontent.com/c109363/ExperimentImage/main/1800_cut/whoB25_2.png,0.540
economist_daily_chart_453.png,0.7566690986,0.9105975031852722,Lines,Line,https://raw.githubusercontent.com/c109363/ExperimentImage/main/1800_cut/economist_daily_chart_453.png,0.413
whoB20_1.png,0.7595328379,0.8814390897750854,Bars,Bar,https://raw.githubusercontent.com/c109363/ExperimentImage/main/1800_cut/whoB20_1.png,0.596
whoQ41_1.png,0.768486013,0.8587452173233032,Bars,Bar,https://raw.githubusercontent.com/c109363/ExperimentImage/main/1800_cut/whoQ41_1.png,0.529
whoK31.png,0.7786662301,0.7382593750953674,Maps,Area,https://raw.githubusercontent.com/c109363/ExperimentImage/main/1800_cut/whoK31.png,0.457
v489_n7414_25_f2.png,0.7889439547,0.8601840734481812,Lines,Line,https://raw.githubusercontent.com/c109363/ExperimentImage/main/1800_cut/v489_n7414_25_f2.png,0.531
treasuryK03_3.png,0.789473883,0.9336459636688232,Bars,Bar,https://raw.githubusercontent.com/c109363/ExperimentImage/main/1800_cut/treasuryK03_3.png,0.382
economist_daily_chart_439.png,0.8135125275,0.87530118227005,Bars,Bar,https://raw.githubusercontent.com/c109363/ExperimentImage/main/1800_cut/economist_daily_chart_439.png,0.489
economist_daily_chart_99.png,0.8199524875,0.8852831125259399,Maps,Area,https://raw.githubusercontent.com/c109363/ExperimentImage/main/1800_cut/economist_daily_chart_99.png,0.543
whoK06_2.png,0.824404,0.8705248236656189,Circles,Area,https://raw.githubusercontent.com/c109363/ExperimentImage/main/1800_cut/whoK06_2.png,0.423
economist_daily_chart_240.png,0.826094,0.9239528775215149,Lines,Line,https://raw.githubusercontent.com/c109363/ExperimentImage/main/1800_cut/economist_daily_chart_240.png,0.505
whoK23_2.png,0.8278498217,0.9527771472930908,Bars,Bar,https://raw.githubusercontent.com/c109363/ExperimentImage/main/1800_cut/whoK23_2.png,0.543
whoO06_2.png,0.8373510211,0.9168975949287415,Bars,Bar,https://raw.githubusercontent.com/c109363/ExperimentImage/main/1800_cut/whoO06_2.png,0.447
treasuryL11_2.png,0.8461621992,0.9362696409225464,Circles,Area,https://raw.githubusercontent.com/c109363/ExperimentImage/main/1800_cut/treasuryL11_2.png,0.385
v490_n7420_13_f4.png,0.8631508885,0.8411123156547546,Lines,Line,https://raw.githubusercontent.com/c109363/ExperimentImage/main/1800_cut/v490_n7420_13_f4.png,0.581
economist_daily_chart_215.png,0.8668582516,0.8177473545074463,Maps,Area,https://raw.githubusercontent.com/c109363/ExperimentImage/main/1800_cut/economist_daily_chart_215.png,0.489
economist_daily_chart_75.png,0.8739027356,0.9046376347541809,Bars,Bar,https://raw.githubusercontent.com/c109363/ExperimentImage/main/1800_cut/economist_daily_chart_75.png,0.284
treasuryK03_2.png,0.8796505029,0.9307970404624939,Bars,Bar,https://raw.githubusercontent.com/c109363/ExperimentImage/main/1800_cut/treasuryK03_2.png,0.456
wsj28.png,0.8873553774,0.9207888245582581,Bars,Bar,https://raw.githubusercontent.com/c109363/ExperimentImage/main/1800_cut/wsj28.png,0.477
economist_daily_chart_449.png,0.8892743293,0.8127605319023132,Bars,Bar,https://raw.githubusercontent.com/c109363/ExperimentImage/main/1800_cut/economist_daily_chart_449.png,0.461
treasuryG07_2.png,0.891730508,0.8264794945716858,Lines,Line,https://raw.githubusercontent.com/c109363/ExperimentImage/main/1800_cut/treasuryG07_2.png,0.308
economist_daily_chart_165.png,0.8985375476,0.9049899578094482,Bars,Bar,https://raw.githubusercontent.com/c109363/ExperimentImage/main/1800_cut/economist_daily_chart_165.png,0.427
v486_n7404_9_f2.png,0.9001956721,0.9028071761131287,Lines,Line,https://raw.githubusercontent.com/c109363/ExperimentImage/main/1800_cut/v486_n7404_9_f2.png,0.729
treasuryI02_1.png,0.9075057277,0.8183658123016357,Bars,Bar;Line,https://raw.githubusercontent.com/c109363/ExperimentImage/main/1800_cut/treasuryI02_1.png,0.510
economist_daily_chart_491.png,0.91435,0.9337249994277954,Bars,Bar,https://raw.githubusercontent.com/c109363/ExperimentImage/main/1800_cut/economist_daily_chart_491.png,0.477
economist_daily_chart_392.png,0.9310591033,0.8829016089439392,Bars,Bar,https://raw.githubusercontent.com/c109363/ExperimentImage/main/1800_cut/economist_daily_chart_392.png,0.463
wsj262.png,0.9312166737,0.9043974280357361,Lines,Line,https://raw.githubusercontent.com/c109363/ExperimentImage/main/1800_cut/wsj262.png,0.381
v485_n7400_14_f2.png,0.935114,0.7460262179374695,Points,Point,https://raw.githubusercontent.com/c109363/ExperimentImage/main/1800_cut/v485_n7400_14_f2.png,0.823
v485_n7397_6_f4.png,0.9383940673,0.8553121089935303,Lines,Line,https://raw.githubusercontent.com/c109363/ExperimentImage/main/1800_cut/v485_n7397_6_f4.png,0.699
wsj108.png,0.9426144192,0.9127385020256042,Lines,Line,https://raw.githubusercontent.com/c109363/ExperimentImage/main/1800_cut/wsj108.png,0.548
treasuryB15.png,0.9566204385,0.8378167152404785,Points,Point,https://raw.githubusercontent.com/c109363/ExperimentImage/main/1800_cut/treasuryB15.png,0.502
v486_n7404_20_f6.png,0.9601333241,0.8799968957901001,Points,Point,https://raw.githubusercontent.com/c109363/ExperimentImage/main/1800_cut/v486_n7404_20_f6.png,0.672
whoK17_1.png,0.9638548143,0.923434853553772,Bars,Bar,https://raw.githubusercontent.com/c109363/ExperimentImage/main/1800_cut/whoK17_1.png,0.352
economist_daily_chart_390.png,0.969627308,0.821938157081604,Lines,Line,https://raw.githubusercontent.com/c109363/ExperimentImage/main/1800_cut/economist_daily_chart_390.png,0.591
wsj170.png,0.9791011348,0.8397790193557739,Lines,Line,https://raw.githubusercontent.com/c109363/ExperimentImage/main/1800_cut/wsj170.png,0.573
v484_n7393_6_f4.png,0.9803047251,0.850852906703949,Lines,Line,https://raw.githubusercontent.com/c109363/ExperimentImage/main/1800_cut/v484_n7393_6_f4.png,0.542
wsj405.png,0.993605,0.9318811893463135,Lines,Line,https://raw.githubusercontent.com/c109363/ExperimentImage/main/1800_cut/wsj405.png,0.512
economist_daily_chart_5.png,0.9970138799,0.8165490627288818,Bars,Bar,https://raw.githubusercontent.com/c109363/ExperimentImage/main/1800_cut/economist_daily_chart_5.png,0.490
treasuryK06.png,0.9989485406,0.9610289931297302,Bars,Bar,https://raw.githubusercontent.com/c109363/ExperimentImage/main/1800_cut/treasuryK06.png,0.412
economist_daily_chart_187.png,1.002582734,0.8658591508865356,Bars,Bar,https://raw.githubusercontent.com/c109363/ExperimentImage/main/1800_cut/economist_daily_chart_187.png,0.542
economist_daily_chart_103.png,1.024258725,0.8730945587158203,Bars,Bar,https://raw.githubusercontent.com/c109363/ExperimentImage/main/1800_cut/economist_daily_chart_103.png,0.553
v490_n7418_12_f1.png,1.025310615,0.8932164907455444,Points,Point,https://raw.githubusercontent.com/c109363/ExperimentImage/main/1800_cut/v490_n7418_12_f1.png,0.770
whoI11_1.png,1.038121467,0.7193145751953125,Bars,Bar,https://raw.githubusercontent.com/c109363/ExperimentImage/main/1800_cut/whoI11_1.png,0.684
treasuryA10.png,1.048108408,0.8953067660331726,Lines,Line,https://raw.githubusercontent.com/c109363/ExperimentImage/main/1800_cut/treasuryA10.png,0.534
economist_daily_chart_380.png,1.049131398,0.8119850754737854,Lines,Line,https://raw.githubusercontent.com/c109363/ExperimentImage/main/1800_cut/economist_daily_chart_380.png,0.383
treasuryL16.png,1.050092091,0.7993442416191101,Bars,Bar,https://raw.githubusercontent.com/c109363/ExperimentImage/main/1800_cut/treasuryL16.png,0.516
whoJ40_1.png,1.053835541,0.8508519530296326,Bars,Bar,https://raw.githubusercontent.com/c109363/ExperimentImage/main/1800_cut/whoJ40_1.png,0.577
economist_daily_chart_54.png,1.056721412,0.8885897397994995,Points,Point,https://raw.githubusercontent.com/c109363/ExperimentImage/main/1800_cut/economist_daily_chart_54.png,0.617
wsj294.png,1.066158624,0.8540791273117065,Points,Point,https://raw.githubusercontent.com/c109363/ExperimentImage/main/1800_cut/wsj294.png,0.591
wsj277.png,1.066823865,0.9459962844848633,Bars,Bar,https://raw.githubusercontent.com/c109363/ExperimentImage/main/1800_cut/wsj277.png,0.460
wsj167.png,1.071930941,0.8537085056304932,Lines,Line,https://raw.githubusercontent.com/c109363/ExperimentImage/main/1800_cut/wsj167.png,0.358
treasuryL03_2.png,1.07257427,0.874164342880249,Circles,Area,https://raw.githubusercontent.com/c109363/ExperimentImage/main/1800_cut/treasuryL03_2.png,0.558
whoK04_2.png,1.0731653,0.9132236838340759,Bars,Bar,https://raw.githubusercontent.com/c109363/ExperimentImage/main/1800_cut/whoK04_2.png,0.545
whoB03_1.png,1.081976932,0.880765438079834,Bars,Bar,https://raw.githubusercontent.com/c109363/ExperimentImage/main/1800_cut/whoB03_1.png,0.470
wsj459.png,1.082294409,0.9066972732543945,Bars,Bar,https://raw.githubusercontent.com/c109363/ExperimentImage/main/1800_cut/wsj459.png,0.496
economist_daily_chart_430.png,1.096713151,0.8768475651741028,Lines,Line,https://raw.githubusercontent.com/c109363/ExperimentImage/main/1800_cut/economist_daily_chart_430.png,0.441
wsj508.png,1.099982898,0.9359821677207947,Lines,Line,https://raw.githubusercontent.com/c109363/ExperimentImage/main/1800_cut/wsj508.png,0.358
wsj474.png,1.100164097,0.9213632345199585,Circles,Area,https://raw.githubusercontent.com/c109363/ExperimentImage/main/1800_cut/wsj474.png,0.568
v490_n7418_1_f2.png,1.111353338,0.9168741106987,Bars,Bar,https://raw.githubusercontent.com/c109363/ExperimentImage/main/1800_cut/v490_n7418_1_f2.png,0.665
wsj54.png,1.11590138,0.955508291721344,Lines,Line,https://raw.githubusercontent.com/c109363/ExperimentImage/main/1800_cut/wsj54.png,0.393
treasuryG06_2.png,1.124867506,0.7802861332893372,Bars,Bar,https://raw.githubusercontent.com/c109363/ExperimentImage/main/1800_cut/treasuryG06_2.png,0.817
wsj533.png,1.125933074,0.9051963686943054,Points,Point,https://raw.githubusercontent.com/c109363/ExperimentImage/main/1800_cut/wsj533.png,0.590
whoB24_1.png,1.132420201,0.8868858218193054,Distribution,Point,https://raw.githubusercontent.com/c109363/ExperimentImage/main/1800_cut/whoB24_1.png,0.610
v487_n7405_7_f1.png,1.140515444,0.835663378238678,Lines,Line,https://raw.githubusercontent.com/c109363/ExperimentImage/main/1800_cut/v487_n7405_7_f1.png,0.798
economist_daily_chart_406.png,1.144788615,0.8718000054359436,Maps,Area,https://raw.githubusercontent.com/c109363/ExperimentImage/main/1800_cut/economist_daily_chart_406.png,0.587
visMost132.png,1.148058445,0.7826676964759827,Points,Point,https://raw.githubusercontent.com/c109363/ExperimentImage/main/1800_cut/visMost132.png,0.838
economist_daily_chart_69.png,1.1705583,0.9272337555885315,Lines,Line,https://raw.githubusercontent.com/c109363/ExperimentImage/main/1800_cut/economist_daily_chart_69.png,0.525
v486_n7401_8_f1.png,1.175656056,0.697737991809845,Lines,Line,https://raw.githubusercontent.com/c109363/ExperimentImage/main/1800_cut/v486_n7401_8_f1.png,0.708
whoJ40_2.png,1.180974897,0.9238759875297546,Circles,Area,https://raw.githubusercontent.com/c109363/ExperimentImage/main/1800_cut/whoJ40_2.png,0.280
economist_daily_chart_116.png,1.193999319,0.8203357458114624,Area,Area,https://raw.githubusercontent.com/c109363/ExperimentImage/main/1800_cut/economist_daily_chart_116.png,0.419
visMost143.png,1.196113031,0.9075527191162109,Bars,Bar,https://raw.githubusercontent.com/c109363/ExperimentImage/main/1800_cut/visMost143.png,0.523
treasuryG02_2.png,1.200912612,0.9053623080253601,Bars,Bar,https://raw.githubusercontent.com/c109363/ExperimentImage/main/1800_cut/treasuryG02_2.png,0.697
v488_n7412_1_f4.png,1.203355521,0.8713732957839966,Lines,Line,https://raw.githubusercontent.com/c109363/ExperimentImage/main/1800_cut/v488_n7412_1_f4.png,0.471
v488_n7410_15_f3.png,1.204311968,0.8582478761672974,Trees and Networks,Node-link,https://raw.githubusercontent.com/c109363/ExperimentImage/main/1800_cut/v488_n7410_15_f3.png,0.650
v487_n7405_21_f2.png,1.213483441,0.8950455188751221,Lines,Line,https://raw.githubusercontent.com/c109363/ExperimentImage/main/1800_cut/v487_n7405_21_f2.png,0.645
wsj259.png,1.2299647,0.6707656979560852,Lines,Line,https://raw.githubusercontent.com/c109363/ExperimentImage/main/1800_cut/wsj259.png,0.649
whoI12_2.png,1.231614763,0.8110674619674683,Bars,Bar,https://raw.githubusercontent.com/c109363/ExperimentImage/main/1800_cut/whoI12_2.png,0.704
wsj11.png,1.232340861,0.9104740619659424,Bars,Bar,https://raw.githubusercontent.com/c109363/ExperimentImage/main/1800_cut/wsj11.png,0.509
wsj135.png,1.234535819,0.8890212178230286,Bars,Bar,https://raw.githubusercontent.com/c109363/ExperimentImage/main/1800_cut/wsj135.png,0.346
wsj172.png,1.239032297,0.8848820924758911,Bars,Bar,https://raw.githubusercontent.com/c109363/ExperimentImage/main/1800_cut/wsj172.png,0.508
whoI19.png,1.247422614,0.8313533663749695,Lines,Line,https://raw.githubusercontent.com/c109363/ExperimentImage/main/1800_cut/whoI19.png,0.495
v487_n7408_15_f3.png,1.251407846,0.7536264061927795,Bars,Bar,https://raw.githubusercontent.com/c109363/ExperimentImage/main/1800_cut/v487_n7408_15_f3.png,0.522
wsj481.png,1.2626636,0.9254562854766846,Bars,Bar,https://raw.githubusercontent.com/c109363/ExperimentImage/main/1800_cut/wsj481.png,0.311
v488_n7412_9_f1.png,1.26765355,0.880725085735321,Maps,Area,https://raw.githubusercontent.com/c109363/ExperimentImage/main/1800_cut/v488_n7412_9_f1.png,0.674
vis673.png,1.269935351,0.9005522131919861,Trees and Networks,Node-link,https://raw.githubusercontent.com/c109363/ExperimentImage/main/1800_cut/vis673.png,0.790
v485_n7397_15_f1.png,1.271766855,0.8976539969444275,Trees and Networks,Node-link,https://raw.githubusercontent.com/c109363/ExperimentImage/main/1800_cut/v485_n7397_15_f1.png,0.599
vis564.png,1.283116703,0.8694846630096436,Area,Point,https://raw.githubusercontent.com/c109363/ExperimentImage/main/1800_cut/vis564.png,0.425
economist_daily_chart_85.png,1.28574974,0.770189642906189,Bars,Bar,https://raw.githubusercontent.com/c109363/ExperimentImage/main/1800_cut/economist_daily_chart_85.png,0.340
wsj9.png,1.290967554,0.9420661330223083,Bars,Bar,https://raw.githubusercontent.com/c109363/ExperimentImage/main/1800_cut/wsj9.png,0.462
treasuryD05_1.png,1.292794723,0.9100819826126099,Bars,Bar,https://raw.githubusercontent.com/c109363/ExperimentImage/main/1800_cut/treasuryD05_1.png,0.611
economist_daily_chart_454.png,1.297646957,0.8823487758636475,Bars,Bar,https://raw.githubusercontent.com/c109363/ExperimentImage/main/1800_cut/economist_daily_chart_454.png,0.495
v488_n7413_3_f2.png,1.304366495,0.8236698508262634,Lines,Line,https://raw.githubusercontent.com/c109363/ExperimentImage/main/1800_cut/v488_n7413_3_f2.png,0.908
economist_daily_chart_35.png,1.306649997,0.8074409365653992,Points,Point,https://raw.githubusercontent.com/c109363/ExperimentImage/main/1800_cut/economist_daily_chart_35.png,0.539
wsj359.png,1.322267797,0.9228864908218384,Lines,Line,https://raw.githubusercontent.com/c109363/ExperimentImage/main/1800_cut/wsj359.png,0.558
v484_n7394_5_f5.png,1.341925343,0.8847236633300781,Area,Area,https://raw.githubusercontent.com/c109363/ExperimentImage/main/1800_cut/v484_n7394_5_f5.png,0.535
whoQ26.png,1.344340477,0.8059508204460144,Maps,Area,https://raw.githubusercontent.com/c109363/ExperimentImage/main/1800_cut/whoQ26.png,0.369
visMost240.png,1.362848491,0.7906091213226318,Trees and Networks,Node-link,https://raw.githubusercontent.com/c109363/ExperimentImage/main/1800_cut/visMost240.png,0.660
economist_daily_chart_520.png,1.366550262,0.869172215461731,Bars,Bar;line,https://raw.githubusercontent.com/c109363/ExperimentImage/main/1800_cut/economist_daily_chart_520.png,0.443
economist_daily_chart_53.png,1.369532357,0.8609537482261658,Points,Point,https://raw.githubusercontent.com/c109363/ExperimentImage/main/1800_cut/economist_daily_chart_53.png,0.542
v485_n7399_9_f2.png,1.369658809,0.9093027710914612,Points,Point,https://raw.githubusercontent.com/c109363/ExperimentImage/main/1800_cut/v485_n7399_9_f2.png,0.504
whoB05_1.png,1.377216533,0.8124271631240845,Area,Area,https://raw.githubusercontent.com/c109363/ExperimentImage/main/1800_cut/whoB05_1.png,0.440
economist_daily_chart_110.png,1.383423648,0.8295953869819641,Maps,Area,https://raw.githubusercontent.com/c109363/ExperimentImage/main/1800_cut/economist_daily_chart_110.png,0.648
wsj220.png,1.385309882,0.8539652228355408,Bars,Bar,https://raw.githubusercontent.com/c109363/ExperimentImage/main/1800_cut/wsj220.png,0.371
wsj540.png,1.391199312,0.8963667750358582,Points,Point,https://raw.githubusercontent.com/c109363/ExperimentImage/main/1800_cut/wsj540.png,0.495
treasuryK05_1.png,1.39217741,0.9664393067359924,Circles,Area,https://raw.githubusercontent.com/c109363/ExperimentImage/main/1800_cut/treasuryK05_1.png,0.331
wsj360.png,1.401662631,0.9000588655471802,Bars,Bar,https://raw.githubusercontent.com/c109363/ExperimentImage/main/1800_cut/wsj360.png,0.489
wsj176.png,1.405482406,0.9134865999221802,Bars,Bar,https://raw.githubusercontent.com/c109363/ExperimentImage/main/1800_cut/wsj176.png,0.542
economist_daily_chart_516.png,1.408969049,0.9047370553016663,Bars,Bar,https://raw.githubusercontent.com/c109363/ExperimentImage/main/1800_cut/economist_daily_chart_516.png,0.422
wsj521.png,1.411358215,0.9382950067520142,Bars,Bar,https://raw.githubusercontent.com/c109363/ExperimentImage/main/1800_cut/wsj521.png,0.423
economist_daily_chart_48.png,1.421634964,0.9212703704833984,Maps,Area,https://raw.githubusercontent.com/c109363/ExperimentImage/main/1800_cut/economist_daily_chart_48.png,0.506
wsj286.png,1.425408538,0.9804583191871643,Area,Area,https://raw.githubusercontent.com/c109363/ExperimentImage/main/1800_cut/wsj286.png,0.560
visMost374.png,1.427243179,0.9131228923797607,Maps,Area,https://raw.githubusercontent.com/c109363/ExperimentImage/main/1800_cut/visMost374.png,0.659
vis87.png,1.436333671,0.7208284735679626,Maps,Area,https://raw.githubusercontent.com/c109363/ExperimentImage/main/1800_cut/vis87.png,0.766
whoK19_1.png,1.440155044,0.9043812155723572,Bars,Bar,https://raw.githubusercontent.com/c109363/ExperimentImage/main/1800_cut/whoK19_1.png,0.592
economist_daily_chart_153.png,1.45760778,0.9194106459617615,Area,Area,https://raw.githubusercontent.com/c109363/ExperimentImage/main/1800_cut/economist_daily_chart_153.png,0.525
v483_n7391_8_f1.png,1.461969409,0.8767125010490417,Lines,Line,https://raw.githubusercontent.com/c109363/ExperimentImage/main/1800_cut/v483_n7391_8_f1.png,0.500
economist_daily_chart_89.png,1.462248597,0.7462235689163208,Maps,Area,https://raw.githubusercontent.com/c109363/ExperimentImage/main/1800_cut/economist_daily_chart_89.png,0.650
wsj271.png,1.476460221,0.8706794381141663,Bars,Bar,https://raw.githubusercontent.com/c109363/ExperimentImage/main/1800_cut/wsj271.png,0.386
wsj392.png,1.485630723,0.9636520147323608,Area,Area,https://raw.githubusercontent.com/c109363/ExperimentImage/main/1800_cut/wsj392.png,0.319
visMost271.png,1.485962632,0.8035471439361572,Maps,Area,https://raw.githubusercontent.com/c109363/ExperimentImage/main/1800_cut/visMost271.png,0.759
wsj462.png,1.486280051,0.8653364777565002,Maps,Area,https://raw.githubusercontent.com/c109363/ExperimentImage/main/1800_cut/wsj462.png,0.348
whoI11_2.png,1.487340042,0.6869178414344788,Bars,Bar,https://raw.githubusercontent.com/c109363/ExperimentImage/main/1800_cut/whoI11_2.png,0.346
economist_daily_chart_416.png,1.489888972,0.8479446768760681,Bars,Bar;line,https://raw.githubusercontent.com/c109363/ExperimentImage/main/1800_cut/economist_daily_chart_416.png,0.506
v485_n7400_14_f1.png,1.495018189,0.7689662575721741,Maps,Area,https://raw.githubusercontent.com/c109363/ExperimentImage/main/1800_cut/v485_n7400_14_f1.png,0.765
v483_n7388_11_f2.png,1.498788701,0.8020713329315186,Bars,Bar,https://raw.githubusercontent.com/c109363/ExperimentImage/main/1800_cut/v483_n7388_11_f2.png,0.569
economist_daily_chart_124.png,1.505418113,0.8851001262664795,Maps,Area,https://raw.githubusercontent.com/c109363/ExperimentImage/main/1800_cut/economist_daily_chart_124.png,0.497
wsj270.png,1.506662504,0.8753097653388977,Lines,Line,https://raw.githubusercontent.com/c109363/ExperimentImage/main/1800_cut/wsj270.png,0.454
treasuryB10.png,1.507576327,0.8402305245399475,Bars,Bar,https://raw.githubusercontent.com/c109363/ExperimentImage/main/1800_cut/treasuryB10.png,0.565
vis230.png,1.514794296,0.9589118957519531,Bars,Bar,https://raw.githubusercontent.com/c109363/ExperimentImage/main/1800_cut/vis230.png,0.635
economist_daily_chart_317.png,1.528768459,0.793962836265564,Maps,Area,https://raw.githubusercontent.com/c109363/ExperimentImage/main/1800_cut/economist_daily_chart_317.png,0.451
v487_n7406_13_f2.png,1.539860994,0.8164204955101013,Points,Point,https://raw.githubusercontent.com/c109363/ExperimentImage/main/1800_cut/v487_n7406_13_f2.png,0.738
wsj340.png,1.554075167,0.8763089776039124,Circles,Bar,https://raw.githubusercontent.com/c109363/ExperimentImage/main/1800_cut/wsj340.png,0.358
v484_n7395_11_f1.png,1.578235,0.7084392309188843,Maps,Area,https://raw.githubusercontent.com/c109363/ExperimentImage/main/1800_cut/v484_n7395_11_f1.png,0.601
wsj529.png,1.585297497,0.9234113693237305,Bars,Bar,https://raw.githubusercontent.com/c109363/ExperimentImage/main/1800_cut/wsj529.png,0.413
vis409.png,1.606200266,0.8853086829185486,Circles,Area,https://raw.githubusercontent.com/c109363/ExperimentImage/main/1800_cut/vis409.png,0.637
visMost357.png,1.616268111,0.9045164585113525,Circles,Area,https://raw.githubusercontent.com/c109363/ExperimentImage/main/1800_cut/visMost357.png,0.667
wsj55.png,1.619856259,0.9327652454376221,Bars,Bar,https://raw.githubusercontent.com/c109363/ExperimentImage/main/1800_cut/wsj55.png,0.435
v484_n7394_10_f4.png,1.634350244,0.8738642334938049,Lines,Line,https://raw.githubusercontent.com/c109363/ExperimentImage/main/1800_cut/v484_n7394_10_f4.png,0.771
wsj316.png,1.636020859,0.7698299884796143,Lines,Line,https://raw.githubusercontent.com/c109363/ExperimentImage/main/1800_cut/wsj316.png,0.593
visMost376.png,1.636511442,0.8270869851112366,Circles,Area,https://raw.githubusercontent.com/c109363/ExperimentImage/main/1800_cut/visMost376.png,0.609
wsj144.png,1.638452673,0.7861077785491943,Maps,Area,https://raw.githubusercontent.com/c109363/ExperimentImage/main/1800_cut/wsj144.png,0.529
vis618.png,1.650021064,0.8518593907356262,Maps,Area,https://raw.githubusercontent.com/c109363/ExperimentImage/main/1800_cut/vis618.png,0.523
visMost187.png,1.654752674,0.9491921663284302,Points,Point,https://raw.githubusercontent.com/c109363/ExperimentImage/main/1800_cut/visMost187.png,0.464
visMost505.png,1.671395798,0.901651918888092,Points,Point,https://raw.githubusercontent.com/c109363/ExperimentImage/main/1800_cut/visMost505.png,0.487
economist_daily_chart_129.png,1.678386099,0.9013895392417908,Lines,Line,https://raw.githubusercontent.com/c109363/ExperimentImage/main/1800_cut/economist_daily_chart_129.png,0.567
v486_n7403_19_f2.png,1.681255943,0.8616734147071838,Trees and Networks,Grid and Matrix,https://raw.githubusercontent.com/c109363/ExperimentImage/main/1800_cut/v486_n7403_19_f2.png,0.707
visMost420.png,1.692088966,0.8087916970252991,Circles,Bar,https://raw.githubusercontent.com/c109363/ExperimentImage/main/1800_cut/visMost420.png,0.633
vis853.png,1.694851178,0.7774970531463623,Maps,Area,https://raw.githubusercontent.com/c109363/ExperimentImage/main/1800_cut/vis853.png,0.710
visMost190.png,1.696733092,0.8891188502311707,Points,Point,https://raw.githubusercontent.com/c109363/ExperimentImage/main/1800_cut/visMost190.png,0.809
visMost537.png,1.713343682,0.8015221357345581,Trees and Networks,Node-link,https://raw.githubusercontent.com/c109363/ExperimentImage/main/1800_cut/visMost537.png,0.810
v485_n7400_15_f2.png,1.713843825,0.7843701243400574,Bars,Bar,https://raw.githubusercontent.com/c109363/ExperimentImage/main/1800_cut/v485_n7400_15_f2.png,0.583
v489_n7416_15_f2.png,1.714178985,0.8396400809288025,Points,Point,https://raw.githubusercontent.com/c109363/ExperimentImage/main/1800_cut/v489_n7416_15_f2.png,0.505
economist_daily_chart_202.png,1.734842518,0.8578043580055237,Points,Point,https://raw.githubusercontent.com/c109363/ExperimentImage/main/1800_cut/economist_daily_chart_202.png,0.586
wsj99.png,1.772485929,0.8621619939804077,Maps,Area,https://raw.githubusercontent.com/c109363/ExperimentImage/main/1800_cut/wsj99.png,0.518
wsj511.png,1.779033137,0.8385001420974731,Maps,Area,https://raw.githubusercontent.com/c109363/ExperimentImage/main/1800_cut/wsj511.png,0.370
v489_n7415_12_f5.png,1.787028751,0.8401009440422058,Bars,Bar,https://raw.githubusercontent.com/c109363/ExperimentImage/main/1800_cut/v489_n7415_12_f5.png,0.509
v483_n7390_8_f1.png,1.794173372,0.9008920788764954,Lines,Line,https://raw.githubusercontent.com/c109363/ExperimentImage/main/1800_cut/v483_n7390_8_f1.png,0.532
wsj292.png,1.806105416,0.9039137363433838,Bars,Bar,https://raw.githubusercontent.com/c109363/ExperimentImage/main/1800_cut/wsj292.png,0.510
wsj162.png,1.806686396,0.8800161480903625,Bars,Bar,https://raw.githubusercontent.com/c109363/ExperimentImage/main/1800_cut/wsj162.png,0.603
visMost601.png,1.825610006,0.8188738226890564,Lines,Line,https://raw.githubusercontent.com/c109363/ExperimentImage/main/1800_cut/visMost601.png,0.578
v486_n7401_8_f2.png,1.847839609,0.8982115387916565,Maps,Cont.-ColorPatn,https://raw.githubusercontent.com/c109363/ExperimentImage/main/1800_cut/v486_n7401_8_f2.png,0.573
economist_daily_chart_45.png,1.853843325,0.8465570211410522,Points,Point,https://raw.githubusercontent.com/c109363/ExperimentImage/main/1800_cut/economist_daily_chart_45.png,0.511
visMost147.png,1.86561657,0.7353051900863647,Maps,Area,https://raw.githubusercontent.com/c109363/ExperimentImage/main/1800_cut/visMost147.png,0.588
visMost77.png,1.877748915,0.864454984664917,Trees and Networks,Node-link,https://raw.githubusercontent.com/c109363/ExperimentImage/main/1800_cut/visMost77.png,0.684
economist_daily_chart_219.png,1.910181717,0.8578194975852966,Maps,Area,https://raw.githubusercontent.com/c109363/ExperimentImage/main/1800_cut/economist_daily_chart_219.png,0.508
visMost92.png,1.916614694,0.849858820438385,Lines,Line,https://raw.githubusercontent.com/c109363/ExperimentImage/main/1800_cut/visMost92.png,0.582
v483_n7388_14_f3.png,1.91901701,0.902748703956604,Points,Point,https://raw.githubusercontent.com/c109363/ExperimentImage/main/1800_cut/v483_n7388_14_f3.png,0.529
economist_daily_chart_475.png,1.925137839,0.8111750483512878,Maps,Area,https://raw.githubusercontent.com/c109363/ExperimentImage/main/1800_cut/economist_daily_chart_475.png,0.530
visMost468.png,1.938304593,0.91595059633255,Grid and Matrix,Grid,https://raw.githubusercontent.com/c109363/ExperimentImage/main/1800_cut/visMost468.png,0.625
v483_n7391_1_f1.png,1.942093,0.8852324485778809,Maps,Cont.-ColorPatn,https://raw.githubusercontent.com/c109363/ExperimentImage/main/1800_cut/v483_n7391_1_f1.png,0.564
vis734.png,1.95162953,0.8060946464538574,Grid and Matrix,Grid,https://raw.githubusercontent.com/c109363/ExperimentImage/main/1800_cut/vis734.png,0.842
vis278.png,1.954379794,0.710078239440918,Maps,Area,https://raw.githubusercontent.com/c109363/ExperimentImage/main/1800_cut/vis278.png,0.874
wsj21.png,1.959520214,0.8538121581077576,Circles,Area,https://raw.githubusercontent.com/c109363/ExperimentImage/main/1800_cut/wsj21.png,0.626
v486_n7403_1_f8.png,1.97204193,0.8592246174812317,Distribution,Bar,https://raw.githubusercontent.com/c109363/ExperimentImage/main/1800_cut/v486_n7403_1_f8.png,0.561
wsj593.png,1.973783612,0.893198549747467,Bars,Bar,https://raw.githubusercontent.com/c109363/ExperimentImage/main/1800_cut/wsj593.png,0.317
visMost635.png,1.980229232,0.8632252216339111,Maps,Area,https://raw.githubusercontent.com/c109363/ExperimentImage/main/1800_cut/visMost635.png,0.450
vis586.png,1.990422428,0.9241696000099182,Lines,Line,https://raw.githubusercontent.com/c109363/ExperimentImage/main/1800_cut/vis586.png,0.443
v489_n7416_3_f4.png,1.994699648,0.8296381235122681,Grid and Matrix,Grid,https://raw.githubusercontent.com/c109363/ExperimentImage/main/1800_cut/v489_n7416_3_f4.png,0.967
visMost575.png,1.995741205,0.9639463424682617,Points,Point,https://raw.githubusercontent.com/c109363/ExperimentImage/main/1800_cut/visMost575.png,0.579
v490_n7418_14_f2.png,2.006362707,0.8666964173316956,Trees and Networks,Node-link,https://raw.githubusercontent.com/c109363/ExperimentImage/main/1800_cut/v490_n7418_14_f2.png,0.450
v490_n7419_11_f1.png,2.016278256,0.8372000455856323,Maps,Area,https://raw.githubusercontent.com/c109363/ExperimentImage/main/1800_cut/v490_n7419_11_f1.png,0.728
wsj553.png,2.022926,0.9067931175231934,Bars,Point,https://raw.githubusercontent.com/c109363/ExperimentImage/main/1800_cut/wsj553.png,0.311
vis630.png,2.026499579,0.9011921286582947,Area,Area,https://raw.githubusercontent.com/c109363/ExperimentImage/main/1800_cut/vis630.png,0.395
vis697.png,2.040186342,0.8217772245407104,Maps,Area,https://raw.githubusercontent.com/c109363/ExperimentImage/main/1800_cut/vis697.png,0.549
vis625.png,2.054398964,0.857562780380249,Circles,Area,https://raw.githubusercontent.com/c109363/ExperimentImage/main/1800_cut/vis625.png,0.522
wsj20.png,2.066743762,0.7754877209663391,Lines,Line,https://raw.githubusercontent.com/c109363/ExperimentImage/main/1800_cut/wsj20.png,0.581
vis399.png,2.070026898,0.8684760332107544,Trees and Networks,Node-link,https://raw.githubusercontent.com/c109363/ExperimentImage/main/1800_cut/vis399.png,0.904
wsj226.png,2.083659589,0.9194530844688416,Bars,Bar,https://raw.githubusercontent.com/c109363/ExperimentImage/main/1800_cut/wsj226.png,0.577
wsj395.png,2.089757706,0.8919425010681152,Lines,Line,https://raw.githubusercontent.com/c109363/ExperimentImage/main/1800_cut/wsj395.png,0.529
v486_n7404_6_f1.png,2.115071516,0.856464147567749,Grid and Matrix,Grid,https://raw.githubusercontent.com/c109363/ExperimentImage/main/1800_cut/v486_n7404_6_f1.png,0.622
wsj441.png,2.115654723,0.8833420276641846,Maps,Area,https://raw.githubusercontent.com/c109363/ExperimentImage/main/1800_cut/wsj441.png,0.450
np_7.png,2.124988036,0.8699487447738647,Bars,Bar,https://raw.githubusercontent.com/c109363/ExperimentImage/main/1800_cut/np_7.png,0.766
wsj557.png,2.126607306,0.6875696778297424,Points,Point,https://raw.githubusercontent.com/c109363/ExperimentImage/main/1800_cut/wsj557.png,0.541
economist_daily_chart_493.png,2.13110493,0.8156530857086182,Maps,Area,https://raw.githubusercontent.com/c109363/ExperimentImage/main/1800_cut/economist_daily_chart_493.png,0.586
economist_daily_chart_521.png,2.159468881,0.8218477964401245,Lines,Line,https://raw.githubusercontent.com/c109363/ExperimentImage/main/1800_cut/economist_daily_chart_521.png,0.526
np_48.png,2.193197059,0.8842899799346924,Trees and Networks,Node-link and area,https://raw.githubusercontent.com/c109363/ExperimentImage/main/1800_cut/np_48.png,0.745
visMost282.png,2.231038567,0.8950806260108948,Circles,Area,https://raw.githubusercontent.com/c109363/ExperimentImage/main/1800_cut/visMost282.png,0.718
visMost108.png,2.245609084,0.8927890062332153,Bars,Bar,https://raw.githubusercontent.com/c109363/ExperimentImage/main/1800_cut/visMost108.png,0.594
wsj184.png,2.300491,0.8579474091529846,Lines,Line,https://raw.githubusercontent.com/c109363/ExperimentImage/main/1800_cut/wsj184.png,0.724
whoL11.png,2.324528433,0.7150501608848572,Maps,Area,https://raw.githubusercontent.com/c109363/ExperimentImage/main/1800_cut/whoL11.png,0.652
vis250.png,2.337578939,0.8285501003265381,Bars,Bar,https://raw.githubusercontent.com/c109363/ExperimentImage/main/1800_cut/vis250.png,0.391
vis729.png,2.366104798,0.9138637781143188,Maps,Area,https://raw.githubusercontent.com/c109363/ExperimentImage/main/1800_cut/vis729.png,0.482
visMost54.png,2.366335409,0.7759032845497131,Bars,Bar,https://raw.githubusercontent.com/c109363/ExperimentImage/main/1800_cut/visMost54.png,0.787
vis286.png,2.412067222,0.8269467353820801,Maps,Area,https://raw.githubusercontent.com/c109363/ExperimentImage/main/1800_cut/vis286.png,0.590
economist_daily_chart_268.png,2.414487678,0.9022835493087769,Area,Area,https://raw.githubusercontent.com/c109363/ExperimentImage/main/1800_cut/economist_daily_chart_268.png,0.447
wsj52.png,2.511432545,0.9124431610107422,Lines,Line,https://raw.githubusercontent.com/c109363/ExperimentImage/main/1800_cut/wsj52.png,0.412
visMost523.png,2.585230401,0.7855924963951111,Maps,Cont.-ColorPatn,https://raw.githubusercontent.com/c109363/ExperimentImage/main/1800_cut/visMost523.png,0.561
wsj129.png,2.672951409,0.85285884141922,Bars,Bar,https://raw.githubusercontent.com/c109363/ExperimentImage/main/1800_cut/wsj129.png,0.482
np_21.png,2.682875151,0.8466475009918213,Area,Point,https://raw.githubusercontent.com/c109363/ExperimentImage/main/1800_cut/np_21.png,0.791
visMost55.png,2.693986617,0.9298650026321411,Bars,Bar,https://raw.githubusercontent.com/c109363/ExperimentImage/main/1800_cut/visMost55.png,0.382
wsj299.png,2.738395609,0.8154405355453491,Bars,Bar,https://raw.githubusercontent.com/c109363/ExperimentImage/main/1800_cut/wsj299.png,0.625
vis67.png,2.771703694,0.7775824666023254,Trees and Networks,Node-link,https://raw.githubusercontent.com/c109363/ExperimentImage/main/1800_cut/vis67.png,0.583
visMost83.png,2.872530713,0.7232568264007568,Grid and Matrix,Grid,https://raw.githubusercontent.com/c109363/ExperimentImage/main/1800_cut/visMost83.png,0.520
wsj536.png,2.88393,0.7803147435188293,Bars,Bar,https://raw.githubusercontent.com/c109363/ExperimentImage/main/1800_cut/wsj536.png,0.448
wsj264.png,2.890637388,0.7582544088363647,Bars,Bar,https://raw.githubusercontent.com/c109363/ExperimentImage/main/1800_cut/wsj264.png,0.533
v488_n7411_9_f1.png,2.913941881,0.7962368130683899,Grid and Matrix,Cont.-ColorPatn,https://raw.githubusercontent.com/c109363/ExperimentImage/main/1800_cut/v488_n7411_9_f1.png,0.608
visMost745.png,3.105736811,0.6429542899131775,Bars,Area,https://raw.githubusercontent.com/c109363/ExperimentImage/main/1800_cut/visMost745.png,0.540
v484_n7392_14_f3.png,3.187134188,0.9302342534065247,Trees and Networks,Node-link,https://raw.githubusercontent.com/c109363/ExperimentImage/main/1800_cut/v484_n7392_14_f3.png,0.412
v488_n7412_8_f1.png,3.298924976,0.8376492261886597,Maps,Point,https://raw.githubusercontent.com/c109363/ExperimentImage/main/1800_cut/v488_n7412_8_f1.png,0.565
vis768.png,3.319693418,0.8195471167564392,Points,Point,https://raw.githubusercontent.com/c109363/ExperimentImage/main/1800_cut/vis768.png,0.669
whoI22.png,3.389245528,0.887591540813446,Bars,Bar,https://raw.githubusercontent.com/c109363/ExperimentImage/main/1800_cut/whoI22.png,0.350
vis652.png,3.910909401,0.9259476661682129,Bars,Point,https://raw.githubusercontent.com/c109363/ExperimentImage/main/1800_cut/vis652.png,0.438
vis678.png,4.007825841,0.8538200855255127,Bars,Bar,https://raw.githubusercontent.com/c109363/ExperimentImage/main/1800_cut/vis678.png,0.653
vis831.png,4.27145907,0.9604361653327942,Area,Area,https://raw.githubusercontent.com/c109363/ExperimentImage/main/1800_cut/vis831.png,0.554
