"imageName","score","confidence","explanation","chart_type","chart_type_confidence"
"economist_daily_chart_75.png","0.22","0.94","This is a simple horizontal bar chart with only seven bars, a single color, and minimal annotation, making it easy to parse visually. Complexity is low despite category labels and gridlines because the layout is clean and uncluttered.","horizontal bar chart","0.99"
"whoJ40_2.png","0.24","0.94","The visualization is simple and easy to parse: a single pie chart with three slices, a small legend, and limited annotation. Aside from the title and caption text, there is little visual clutter or structural complexity.","pie chart","0.99"
"whoQ50_2.png","0.34","0.88","This is a relatively simple single-panel chart with one series of vertical bars, limited color use, and straightforward axes, though the many category labels and rotated text add moderate perceptual load. The visual structure is otherwise clean and easy to parse.","bar chart","0.97"
"treasuryG07_2.png","0.28","0.9","This is a relatively simple visualization with three colored lines, a single plotting area, sparse labeling, and moderate gridlines. The added annotation text on the left increases complexity slightly, but overall it remains easy to parse.","line chart","0.98"
"whoJ44.png","0.24","0.92","This is a clean two-series time-series graphic with a single plotting area, sparse annotations, and minimal decorative elements, making it easy to parse. Complexity is low despite the title, legend, and axis labels because the data structure itself is simple.","line chart","0.99"
"wsj135.png","0.34","0.88","This is a relatively simple grouped bar chart with two series across yearly categories, limited color use, and a small number of annotations. Complexity is modest due to the callout labels and explanatory text, but the overall structure remains easy to parse.","grouped bar chart","0.97"
"wsj340.png","0.24","0.92","The visualization is a single-part composition dominated by one donut chart with five labeled segments, limited color use, and modest surrounding annotation. It has some added text and labels, but overall remains easy to parse and low in visual density.","donut chart","0.99"
"whoQ26.png","0.34","0.88","The figure is a relatively simple thematic map with country outlines, labels, and a modest number of point markers, creating low-to-moderate visual complexity. It has some geographic detail and annotation, but the symbol encoding is straightforward and not densely layered.","point map","0.93"
"wsj511.png","0.46","0.84","This is a thematic map with moderate complexity: it includes detailed terrain shading, borders, labels, a legend, and several colored point markers, but the number of encoded elements remains fairly limited and readable. The dominant visual form is a geographic map annotated with resource locations.","thematic map","0.95"
"treasuryL11_2.png","0.31","0.9","This is a single pie chart with a moderate number of labeled slices and leader lines, but the overall layout is clean with ample whitespace and no dense axes or multiple panels. The cognitive load is modest because viewers only need to compare a handful of categorical proportions.","pie chart","0.99"
"vis630.png","0.42","0.8","The graphic has a relatively simple layout with a few large visual elements, but the overlaid silhouette, large text blocks, and mixed annotations add moderate perceptual load. It is more of an infographic-style comparison than a dense analytical chart.","infographic","0.94"
"whoB32_1.png","0.42","0.88","This is a moderately complex chart with two bars per country across multiple categories, a legend, axis labels, gridlines, and footnotes, but the structure remains straightforward and easy to parse. The repeated grouped bars and rotated labels add some visual and cognitive load without making it highly dense.","grouped bar chart","0.98"
"economist_daily_chart_165.png","0.42","0.88","The chart uses a straightforward horizontal bar layout with consistent encoding and limited color, but it contains many categories and stacked values that add moderate visual density. Gridlines, labels, and the long country list increase reading effort without making it highly intricate.","stacked horizontal bar chart","0.98"
"economist_daily_chart_167.png","0.42","0.88","This is a moderately complex visualization: it uses many ranked horizontal bars with country labels, axis ticks, gridlines, and an additional numeric annotation column, but the overall layout is clean and repetitive. The single-panel structure and consistent encoding keep it from being highly complex.","horizontal bar chart","0.98"
"economist_daily_chart_520.png","0.42","0.87","This is a moderately complex dual-axis time-series graphic with yearly bars and an overlaid line, multiple labels, and gridlines, but it remains fairly readable and not densely cluttered. The main structure is straightforward despite the two measures and axes.","dual-axis bar-and-line chart","0.97"
"vis652.png","0.62","0.84","The graphic combines multiple annotated coin stacks, large text blocks, callout boxes, icons, and decorative background shapes, creating moderate-to-high visual density and cognitive load. The dominant quantitative display is a comparison of values using stacked coin pictograms rather than a simple standard chart.","pictogram chart","0.86"
"economist_daily_chart_317.png","0.52","0.88","This is a world map with many country-level regions, boundaries, and a multi-class legend, creating moderate visual density and cognitive load. The design is still fairly clean with limited colors and minimal annotation, so complexity is not extremely high.","choropleth world map","0.98"
"wsj536.png","0.48","0.84","The visualization uses a straightforward yearly vertical bar chart with a single data series, but the photographic background, large text blocks, and shaded bands add moderate visual detail and cognitive load. The chart itself remains fairly easy to parse despite the decorative overlay.","bar chart","0.97"
"whoO06_2.png","0.46","0.87","The chart contains many categories and three color-coded series per category, creating moderate visual density and comparison effort, but the layout is still orderly and readable. Clear labeling, consistent bar structure, and limited decorative elements keep complexity from being high.","grouped horizontal bar chart","0.97"
"wsj270.png","0.42","0.88","The figure is a moderately complex multi-series line chart with five colored trend lines, axis labels, gridlines, annotations, and flag callouts, but it remains fairly readable due to clear separation and limited data points. The dominant visual form is a time-series line chart comparing export growth across countries.","multi-series line chart","0.98"
"whoQ14_2.png","0.34","0.87","This is a straightforward horizontal bar chart with a single series and consistent styling, which keeps the visual structure simple. Complexity is moderately increased by the relatively long list of country labels and numerous bars, but overall it remains easy to parse.","horizontal bar chart","0.99"
"whoB03_1.png","0.34","0.89","The figure is a straightforward horizontal stacked bar chart with a limited number of categories and a single legend, making it fairly easy to parse. Complexity is modest due to multiple stacked segments, labels, title text, and footnotes, but overall the layout remains clean and uncluttered.","horizontal stacked bar chart","0.98"
"wsj28.png","0.46","0.82","The graphic uses a single horizontal segmented bar with many labeled sections and annotations, creating moderate visual and cognitive load. It is structured and not highly dense, but the numerous text labels and category breaks add noticeable complexity.","stacked bar chart","0.93"
"economist_daily_chart_5.png","0.29","0.9","This is a straightforward ranked horizontal bar chart with a single series, consistent spacing, and limited annotation, making it relatively easy to parse. Complexity is modest due to the number of categories and the added right-side numeric labels, but overall the design remains clean and uncluttered.","horizontal bar chart","0.99"
"wsj360.png","0.34","0.88","The graphic uses a straightforward repeated layout of paired horizontal bars by event/year, with limited color and clear labeling, keeping perceptual load moderate-low. Complexity is increased somewhat by multiple rows of incidents and dense text annotations.","grouped horizontal bar chart","0.96"
"whoI19.png","0.46","0.84","This is a multi-series time chart with six overlapping lines, a legend, axes, labels, and annotations, creating moderate visual density and some effort to distinguish series. It is still relatively clean and monochrome, so the complexity is not extremely high.","multi-series line chart","0.98"
"economist_daily_chart_124.png","0.62","0.88","The map contains many labeled geographic regions, color-coded countries, inset legend, and annotation lines for small nations, creating moderate-to-high visual density. Despite this, the design uses a limited color palette and a single encoding channel, which keeps complexity below the highest levels.","choropleth map","0.98"
"wsj292.png","0.34","0.84","The graphic is relatively simple, with a small number of large colored blocks, annotations, and text labels arranged in a clean infographic layout. Complexity is moderate rather than minimal because of the explanatory callouts, bracket, dashed outline, and multiple textual elements.","annotated stacked bar chart","0.93"
"wsj99.png","0.68","0.84","The image is moderately high in visual complexity because it overlays multiple colored school zones, labels, icons, legend, and annotations on a detailed street basemap. The dense geographic background and irregular polygon boundaries increase perceptual load, though the number of thematic layers remains manageable.","thematic map","0.95"
"whoQ44_4.png","0.46","0.84","The figure is a stacked area chart with multiple series, a long title, legend, and labeled axes, creating moderate visual complexity. It remains fairly readable because the layout is clean and the number of layers is limited, despite overlapping colored areas and dense labels.","stacked area chart","0.98"
"v487_n7408_15_f3.png","0.34","0.88","The figure is a relatively simple grouped bar chart with eight patient categories, two series, error bars, a legend, and a broken y-axis. Complexity is moderate rather than low because the axis break and uncertainty bars add perceptual effort, but the overall layout remains sparse and easy to parse.","grouped bar chart with error bars","0.97"
"visMost83.png","0.42","0.88","The visualization is a regular grid of colored cells with labeled months and days, creating moderate detail but a clean, repetitive structure that is easy to scan. Complexity is driven by the 12x31 matrix and color variation rather than multiple marks, annotations, or layered encodings.","heatmap","0.98"
"economist_daily_chart_153.png","0.38","0.88","The chart has moderate visual complexity: it shows three stacked time-series areas with a legend, axes, and gridlines, but the layout is clean and the number of categories is small. The overlapping stacked shapes add some perceptual effort without making the figure dense or cluttered.","stacked area chart","0.98"
"economist_daily_chart_106.png","0.42","0.84","The chart has a moderate number of labeled categories, paired bars for each country, gridlines, legend, and side annotations, creating moderate visual density without becoming cluttered. Its structure is orderly and repetitive, which keeps cognitive load manageable.","grouped horizontal bar chart","0.97"
"economist_daily_chart_521.png","0.34","0.88","This is a relatively clean multi-series time chart with five lines, a legend, and light gridlines, creating moderate but not high perceptual load. The layout is simple and uncluttered, though comparing several overlapping trends adds some complexity.","multi-series line chart","0.98"
"v489_n7414_25_f2.png","0.42","0.84","The figure is a moderately complex dual-axis scientific line plot with multiple overlaid series, noisy segments, and axis breaks, but it remains relatively sparse with ample white space. Most of the visual load comes from the overlapping lines and two differently scaled y-axes rather than dense marks throughout.","dual-axis line chart","0.96"
"whoK23_2.png","0.42","0.86","The figure uses a small set of stacked vertical bars with four color-coded categories and labels, making it moderately easy to parse despite the many segment values and repeated year/group comparisons. The layout is structured and not overly dense, but the diagonal segment boundaries add some perceptual complexity.","stacked bar chart","0.96"
"economist_daily_chart_4.png","0.46","0.84","The figure is a moderately dense annotated horizontal bar chart with many labeled categories, reference lines, color coding, and a secondary value column, creating moderate perceptual load without becoming highly intricate. Its structure remains orderly and readable despite the number of entries.","diverging horizontal bar chart","0.96"
"wsj108.png","0.46","0.87","This is a moderately complex financial time-series graphic with two overlaid lines, a shaded band, annotations, axes, legend, and explanatory text. It has multiple visual elements but remains fairly structured and readable rather than densely packed.","line chart","0.95"
"treasuryL03_2.png","0.42","0.84","The figure is moderately complex: it has a main pie chart plus a breakout panel for the 'Other' category with multiple labels and connector lines, increasing visual detail beyond a simple single chart. However, the overall layout is still sparse with limited colors and only a modest number of categories.","pie chart with exploded detail inset","0.9"
"wsj359.png","0.42","0.84","The graphic is a single time-series line chart with moderate annotation: a prominent line, several large directional arrows, gridlines, labels, and explanatory text. It is more detailed than a basic line chart but still relatively easy to parse because it shows one main series on a clean layout.","annotated line chart","0.96"
"whoQ32_2.png","0.34","0.88","The figure is a single-panel scatter plot with a moderate number of points, simple axes, and minimal styling, making it fairly easy to parse despite the long title and annotations. Complexity is increased slightly by the logarithmic x-axis and numerous plotted markers, but overall the layout remains clean and uncluttered.","scatter plot","0.98"
"v483_n7388_11_f2.png","0.72","0.88","The figure contains many grouped bars across numerous categories with rotated labels, error bars, and a broken y-axis, creating fairly high visual density and reading effort. Despite the repetition of marks, the structure is still a standard comparative bar display rather than an extremely intricate graphic.","grouped bar chart","0.96"
"v488_n7412_8_f1.png","0.62","0.84","The image is a geographic map with many overlaid point markers, labels, graticule lines, shaded ocean bands, and a side legend, creating moderate-to-high visual density. While the structure is still readable, the numerous annotations and map details increase perceptual load.","thematic point map","0.93"
"wsj226.png","0.62","0.88","The graphic has a moderate-to-high visual complexity due to decorative silo shapes, flags, textured backgrounds, annotations, and multiple country comparisons, though the underlying data structure is still fairly straightforward. The dominant form is a grouped vertical bar display comparing two values per country.","grouped bar chart","0.95"
"v490_n7420_13_f4.png","0.56","0.84","This figure has moderate visual complexity due to multiple overlaid time-series lines, dual y-axes, a secondary top x-axis, colored annotations, and mixed labels, but it remains readable with a single-panel layout. The dominant structure is a multi-line temporal comparison plot rather than a highly dense or faceted graphic.","multi-line chart","0.96"
"visMost92.png","0.68","0.84","The graphic combines multiple curved paths, annotations, icons, labels, and a multi-row timeline structure, creating moderate-to-high perceptual complexity. Despite the dense narrative content, the layout remains organized around a clear temporal axis.","annotated timeline infographic","0.95"
"economist_daily_chart_493.png","0.74","0.88","The map contains many labeled regions, multiple color encodings, numerous inset numeric boxes, boundary lines, and an inset locator map, creating fairly high perceptual density. Despite this, the layout remains structured and geographically organized rather than maximally cluttered.","choropleth map","0.95"
"visMost147.png","0.58","0.84","The image is a world map with many overlaid proportional circles, dense clustering in North America and Europe, and additional legend/text elements that increase perceptual load. However, the overall structure is still clear because it uses a single geographic base layer and one main encoding.","proportional symbol map","0.97"
"economist_daily_chart_406.png","0.62","0.88","This world map has moderate-to-high visual complexity due to many country labels, numeric callouts, leader lines, and geographic boundaries spread across the full image. The encoding itself is straightforward, but the dense annotations increase perceptual load.","annotated thematic world map","0.93"
"wsj294.png","0.42","0.87","The graphic is a moderately simple annotated scatter plot with relatively few data points, clear axes, and limited color use, but added callouts, large directional axis labels, and explanatory text increase visual detail. The dominant visual encoding is individual points positioned by age and number of mutations.","annotated scatter plot","0.97"
"wsj533.png","0.46","0.82","The graphic has moderate visual complexity: it combines multiple state rows, labeled markers for two years, directional arrows, and a split partisan axis, but the number of data points is still fairly limited. The dominant form is a comparative dot-based display showing change between two points for each category.","dumbbell chart","0.88"
"whoJ48_2.png","0.52","0.82","The figure combines a world map with multiple country-level color encodings, hatch patterns, a legend, title, and caption, creating moderate visual detail and cognitive load. It is not extremely dense, but the geographic shapes and several categorical fills add noticeable complexity.","choropleth world map","0.97"
"v484_n7395_11_f1.png","0.72","0.89","The figure is fairly complex due to the continuous color-coded spatial field over a detailed geographic basemap, plus contour/dashed annotations, labels, scale bar, legend, and an inset locator map. Although it has a single main panel, the layered cartographic elements create substantial perceptual load.","thematic map","0.95"
"wsj299.png","0.76","0.88","The image is a dense infographic combining large product photos, multiple text callouts, price annotations, and a central horizontal bar chart, creating substantial visual detail and cognitive load. The dominant structured data display is the horizontal comparison of sneaker prices over time.","horizontal bar chart infographic","0.9"
"wsj21.png","0.72","0.86","The graphic combines a bubble timeline with many labeled aircraft models, annotations, callouts, and decorative airplane images, creating fairly high perceptual load. While the main structure is readable, the dense labeling and mixed infographic elements increase complexity substantially.","annotated bubble timeline","0.84"
"vis230.png","0.72","0.88","The figure contains many country rows, segmented bars on both sides, flags, labels, annotations, and reference lines, creating a fairly dense and cognitively demanding display. Its structure is still orderly and repetitive, which keeps complexity below the maximum.","diverging stacked bar chart","0.97"
"economist_daily_chart_110.png","0.56","0.84","The map contains many geographic regions shaded by a multi-level color scale, plus a legend and several callout labels, creating moderate visual density. It is still fairly readable because the design uses a single thematic encoding and limited annotation.","choropleth world map","0.98"
"vis678.png","0.88","0.94","The graphic is densely packed with mirrored bars, annotations, logos, illustrations, quotes, and decorative typography, creating high perceptual load despite a structured layout. The dominant encoding is a chronological comparison using vertical bars extending upward and downward from a central axis.","diverging bar chart","0.93"
"v488_n7410_15_f3.png","0.72","0.88","The figure is visually dense, combining a branching evolutionary tree with many labels, numeric annotations, colored geological time bands, and taxonomic brackets. Although structured, the numerous branches and textual elements create substantial perceptual and cognitive load.","phylogenetic tree","0.98"
"v490_n7418_1_f2.png","0.62","0.82","The figure contains multiple aligned gene-cluster schematics across species, with many colored blocks, labels, scaffold annotations, and a phylogenetic tree on the left, creating moderate-to-high visual density. It is still fairly structured and repetitive rather than overwhelmingly intricate.","comparative gene cluster diagram","0.91"
"v488_n7412_9_f1.png","0.82","0.91","The figure is visually dense, combining a shaded relief map with many colored proportional circles, multiple boundary and river overlays, labels, dashed region lines, and a detailed legend. The layered geographic context and numerous symbols create high perceptual and cognitive load.","proportional symbol map","0.96"
"vis853.png","0.72","0.87","The visualization combines a textured 3D globe, many overlapping proportional circles, a ranked bubble legend/list, and multiple text blocks, creating substantial visual density and cognitive load. Despite the dark background and limited color palette, the numerous marks and layered elements make it fairly complex.","3D proportional symbol map","0.95"
"v483_n7387_5_f1.png","0.74","0.88","The figure is visually dense, with multiple overlaid line series, dual y-axes, error bars, annotations, and several marker symbols across a continuous wavelength axis. Although it is still a single-panel plot, the many traces and reference curves create substantial perceptual load.","multi-series line chart","0.95"
"np_48.png","0.82","0.93","The visualization is densely packed with many labeled circles, connecting lines, and hierarchical groupings radiating from a large central node, creating high perceptual and cognitive load. Despite a consistent color scheme, the large number of elements and annotations makes it visually complex.","packed bubble chart","0.72"
"v487_n7406_13_f2.png","0.72","0.87","The figure is fairly complex due to many colored point series, arrows, labels, silhouettes, inset wireframe drawings, and a legend layered onto a two-axis coordinate plot. Its core structure is still readable as a 2D ordination scatter, so complexity is high but not maximal.","annotated scatter plot","0.93"
"visMost54.png","0.84","0.9","The visualization is visually dense, with many curved mission paths, labels, annotations, legends, and orbital guides arranged in a radial layout around Mars. Its layered encoding and decorative background increase perceptual load despite having an overall coherent structure.","radial timeline","0.78"
"vis673.png","0.82","0.9","The image contains a dense circular network of many intersecting colored links with numerous labels, plus substantial supporting text blocks below, creating high perceptual and cognitive load. Despite the clean layout and ample whitespace, the central graphic is intricate and information-dense.","chord diagram","0.96"
"np_21.png","0.93","0.95","The image is highly dense, combining a world map with many radial branches, numerous icon tiles, labels, legends, and annotation blocks, creating substantial perceptual and cognitive load. The dominant structure is a circular hierarchical layout radiating outward from central hubs.","radial tree diagram","0.78"
"v487_n7405_7_f1.png","0.72","0.88","The figure is fairly complex due to multiple overlaid datasets, error bars, spectra/fit curves, a dense legend, and logarithmic axes with many annotations. Despite this, it remains a single-panel scientific plot with a consistent coordinate system, so complexity is high but not extreme.","multi-series log-log scatter plot with fitted spectral curves","0.92"
"v485_n7400_14_f2.png","0.84","0.93","The figure is visually dense, combining many plotted points with error bars, shaded regions, annotations, arrows, contour-like outlines, and overlaid trend/area elements, creating high perceptual load. The dominant structure is a scatter plot of age versus epsilon Hf with multiple symbol encodings and uncertainty bars.","scatter plot with error bars","0.95"
"vis734.png","0.88","0.93","The visualization is highly dense, with many rows, columns, colored cells, labels, and a legend packed into a single matrix-like display, creating substantial perceptual and cognitive load. Its structure is regular, but the sheer amount of encoded information makes it visually complex.","heatmap","0.84"
"vis278.png","0.92","0.95","The image is highly dense, with thousands of colored point marks over a detailed city map, multiple boundary overlays, labels, and an inset map, creating substantial perceptual load. The dominant form is a geographic dot distribution showing racial/ethnic populations across Chicago.","dot density map","0.97"
"whoQ51_2.png","0.24","0.92","This is a straightforward horizontal bar chart with a single series, limited color use, and about ten categories, making it easy to parse. Complexity is slightly increased by the number of labels and gridlines, but overall the design remains simple and uncluttered.","horizontal bar chart","0.99"
"whoQ48_5.png","0.34","0.88","This is a moderately simple visualization with four time-series lines, a legend, and labeled axes; the logarithmic y-axis adds some cognitive demand but the overall layout remains clean and uncluttered. The limited number of series and sparse styling keep complexity relatively low.","multi-series line chart","0.98"
"treasuryG05_1.png","0.46","0.84","The figure is a moderately complex annotated dual-line time series with two colored lines, dual y-axes, dense year ticks, gridlines, callouts, and explanatory text blocks. It remains readable because the structure is simple and the number of plotted series is low, but the annotations and surrounding text add perceptual load.","annotated line chart","0.96"
"whoQ09_2.png","0.34","0.87","The figure is a grouped bar chart with multiple country sections and repeated year categories, creating moderate visual density but still remaining orderly and easy to parse. Limited color use, clear axes, and simple bar marks keep the overall complexity relatively low.","grouped bar chart","0.98"
"v484_n7394_5_f2.png","0.42","0.84","This figure is a moderately complex dual-axis line chart with logarithmic scaling, two overlaid lines, annotations, and dense axis ticks, but it remains relatively uncluttered with ample whitespace. The visual demand comes mainly from the dual y-axes, scientific notation, and irregular time-series trace rather than from many marks or colors.","dual-axis line chart","0.96"
"whoJ23.png","0.24","0.93","The visualization is visually simple: a single three-slice pie chart with large percentage labels, a short legend, and minimal decorative elements. Aside from the title and caption text, there is little data density or structural complexity.","pie chart","0.99"
"whoN22.png","0.48","0.82","The figure is a world choropleth map with many geographic boundaries, region colors, labels, and a legend, creating moderate visual detail and cognitive load. It is not extremely dense, but the numerous country shapes and subregion distinctions add noticeable complexity.","choropleth world map","0.97"
"economist_daily_chart_529.png","0.42","0.88","The chart combines vertical bars with an overlaid line and dual y-axes, adding moderate perceptual load, but it remains fairly clean with limited categories and clear spacing. The layout is structured and not densely annotated, keeping complexity in the mid-low range.","dual-axis bar-and-line chart","0.98"
"whoQ18_3.png","0.46","0.88","The figure uses stacked bars across 12 years with multiple regional categories, a legend, gridlines, and labels, creating moderate visual density but still remaining fairly structured and readable. The repeated stacked segments add some cognitive load, though the overall layout is simple.","stacked bar chart","0.98"
"whoQ52_4.png","0.42","0.84","This visualization has moderate complexity: multiple stacked colored series across time, a legend with several categories, and labeled axes, but the overall layout remains fairly standard and readable. The overlapping filled areas and large value range add some perceptual load without making it highly dense.","stacked area chart","0.98"
"whoN16_1.png","0.42","0.88","The chart uses a straightforward stacked horizontal bar layout with only two colors and a single quantitative scale, which keeps encoding simple. Complexity is moderate because it contains many category labels and bars, increasing visual density and reading effort.","stacked horizontal bar chart","0.98"
"whoQ48_4.png","0.24","0.9","This is a single-series time-based area chart with one filled shape, a simple axis structure, and minimal annotations, making it relatively easy to parse. Complexity is kept low despite several yearly points and gridlines because there are no multiple series, dense labels, or intricate encodings.","area chart","0.98"
"economist_daily_chart_66.png","0.34","0.88","This is a moderately simple multi-series line chart with five lines, labeled series, gridlines, and periodic dashed reference lines. The layout is clean and readable, but the multiple overlapping trends and annotations add some perceptual load.","multi-series line chart","0.98"
"treasuryI01_2.png","0.34","0.88","This is a relatively simple two-series time-series chart with clear axes, moderate labeling, and limited visual elements. Complexity is increased slightly by the dual y-axes, dense quarterly tick labels, and gridlines, but overall it remains easy to parse.","dual-axis line chart","0.98"
"whoN05.png","0.34","0.88","This is a moderately simple multi-series time chart with seven colored lines, a legend, axes, and gridlines, creating some comparison load but limited visual clutter. The layout is clean and sparse, with few annotations and no dense marks or panels.","multi-series line chart","0.98"
"wsj308.png","0.34","0.9","This is a fairly straightforward grouped horizontal bar chart with two series across about ten categories, using clear labels and limited color. Complexity is moderate-low because there are multiple categories and annotations, but the structure is regular and easy to parse.","grouped horizontal bar chart","0.98"
"economist_daily_chart_242.png","0.42","0.88","The figure combines stacked bars across years with an overlaid line and dual y-axes, adding moderate perceptual load, but the layout remains orderly with limited categories and clear labeling. The repeated yearly bars and legend create some detail without becoming highly dense.","stacked bar chart with overlaid line chart","0.96"
"whoJ33.png","0.39","0.87","This is a moderately simple visualization: a single-panel chart with three colored time-series lines, labeled axes, legend, title, and annotations. Complexity is increased somewhat by the long title/caption and multiple series, but the layout remains clean and easy to parse.","multi-series line chart","0.98"
"economist_daily_chart_258.png","0.58","0.88","This is a moderately complex labeled scatter plot with many state points, overlapping text labels, gridlines, and reference/fit lines that increase visual density. The overall structure is still straightforward, but the annotations and clutter around the center raise perceptual load.","scatter plot","0.99"
"whoK12_2.png","0.58","0.87","This is a world map with many geographic regions individually colored into four categories, creating moderate visual density and requiring broad spatial scanning. Complexity is tempered by the simple categorical color scheme and absence of axes or overplotted marks.","choropleth world map","0.98"
"whoQ06_2.png","0.34","0.88","This is a moderately simple visualization with four time-series lines, a legend, axes, and light gridlines, creating some comparison demand but limited overall clutter. The layout is clean and the number of marks is relatively small, keeping complexity on the lower side.","multi-series line chart","0.98"
"treasuryB04.png","0.72","0.88","The visualization combines a multi-series time line chart with shaded periods, event annotations, directional arrows, a legend, and a small side bar chart with explanatory text, creating substantial visual density and cognitive load. The dominant structure is still the central annotated time-series display.","annotated multi-series line chart","0.95"
"whoQ11_1.png","0.82","0.91","The figure is visually dense due to many overlapping line series, a large multi-column legend, and numerous age-group categories on the x-axis, which increases perceptual load. Although the layout is standard and axes are clear, the clutter from dozens of similar dashed lines makes comparison difficult.","multi-series line chart","0.98"
"v488_n7411_6_f4.png","0.68","0.86","The figure overlays several time-series curves with multiple colored axes, dual/triple y-axis labeling, annotations, and a legend, creating moderate-to-high perceptual complexity. It remains structured as a single-panel plot, so complexity is not maximal despite the dense labeling.","multi-series line chart","0.96"
"whoN32_2.png","0.24","0.92","This is a straightforward single-series bar chart with fewer than ten bars, a simple axis layout, and minimal color encoding. Complexity is slightly increased by the title and gridlines, but overall it remains easy to parse.","bar chart","0.98"
"whoJ32.png","0.34","0.88","This is a straightforward horizontal bar chart with a single series, consistent ordering, and ample whitespace, which keeps perceptual load fairly low. Complexity is modestly increased by the many category labels and the surrounding title/caption text.","horizontal bar chart","0.99"
"whoJ36_2.png","0.34","0.88","This is a relatively simple single-series line chart with one main trend line, standard axes, and limited annotations. Complexity is modestly increased by the large title, callout circles, explanatory text, and figure framing.","line chart","0.98"
"whoN21_1.png","0.24","0.9","The figure is a simple two-column 100% stacked bar chart with only three color-coded categories, clear labeling, and ample whitespace. Complexity is kept low despite the long title and legend because the visual structure is straightforward and easy to parse.","100% stacked bar chart","0.98"
"whoJ15_1.png","0.34","0.9","The visualization is a straightforward horizontal bar chart with a moderate number of categories, clear labels, and minimal decorative elements, making it relatively easy to parse. Complexity is slightly increased by the long title, caption, and notes surrounding the chart.","horizontal bar chart","0.99"
"v487_n7405_6_f4.png","0.46","0.87","This is a moderately complex scientific line chart with four overlaid series, annotations, error bars, and logarithmic-looking axes, creating some perceptual load without becoming extremely dense. The figure remains readable because it uses a single panel and relatively few plotted elements overall.","multi-series line chart","0.96"
"whoB15_1.png","0.62","0.87","The figure contains two side-by-side panels of stacked horizontal bars with many color-coded disease categories, a large legend on both sides, and numerous regional labels, creating moderate-to-high perceptual load. The structure is still orderly and repetitive, which keeps complexity below the highest range.","stacked horizontal bar chart","0.97"
"economist_daily_chart_324.png","0.34","0.89","This chart has a moderate amount of visual detail: multiple banks, three color-coded exposure components, labels, legend, and gridlines, but it remains orderly and easy to parse. The structure is straightforward with a single panel and consistent stacked bars.","horizontal stacked bar chart","0.98"
"whoJ36_1.png","0.31","0.9","This is a straightforward horizontal bar chart with a single series, consistent styling, and moderate text labeling. Complexity is kept fairly low despite the number of categories because there are no multiple panels, legends, or dense encodings.","horizontal bar chart","0.99"
"whoB13_2.png","0.58","0.88","This is a labeled pie chart with many slices, overlaid hatched sub-slices, and dense text annotations, creating moderate-to-high perceptual load. The overall structure is still a single circular part-to-whole display, which keeps complexity below the highest levels.","pie chart","0.97"
"wsj612.png","0.34","0.89","The figure is a relatively simple multi-series time trend chart with three colored lines, sparse annotations, and light grid/banding. It has moderate detail from labels and callout boxes, but overall remains easy to parse.","line chart","0.98"
"whoL06.png","0.34","0.88","This is a moderately simple visualization with five grouped sets of bars, a single legend, and limited color encoding, making it fairly easy to parse despite multiple categories. The repeated grouped bars and labels add some detail but overall cognitive load remains low to moderate.","grouped bar chart","0.98"
"whoQ42_1.png","0.24","0.92","This is a straightforward ranked horizontal bar chart with a single series, limited color use, and modest labeling, making it easy to parse. Complexity is slightly increased by the number of categories, but overall the design remains simple and uncluttered.","horizontal bar chart","0.99"
"whoN23_2.png","0.24","0.93","The figure is a straightforward horizontal bar chart with 10 categories, a single quantitative axis, and light gridlines, making it easy to parse with relatively low visual density. Complexity is modest due to the number of labels and bars, but there are no multiple encodings, panels, or intricate annotations.","horizontal bar chart","0.99"
"economist_daily_chart_453.png","0.31","0.9","This is a relatively simple time-series graphic with two lines, a single plotting area, clear axes, and limited annotation. Complexity is modest due to the long time span and multiple gridlines, but overall it remains easy to parse.","line chart","0.99"
"whoB25_2.png","0.58","0.88","The figure is a multi-series line chart with six overlapping lines, direct labels, legend, axes, and gridlines, creating moderate visual density and comparison effort. It is still structured and readable, so complexity is not extremely high.","multi-series line chart","0.98"
"whoQ41_1.png","0.34","0.88","The chart is a straightforward horizontal stacked bar chart with a moderate number of categories and only three color-coded segments, making it fairly easy to parse despite the many rows. Visual clutter is limited, with simple axes, light gridlines, and a clear legend.","horizontal stacked bar chart","0.98"
"whoK31.png","0.42","0.84","The image is a world map with many country boundaries and multiple region colors, creating moderate detail, but it remains fairly easy to parse because the design is clean and uncluttered. The legend adds some categorical complexity without making the display dense.","choropleth world map","0.97"
"whoB20_1.png","0.68","0.88","The figure uses many stacked segments, two mirrored quantitative panels, numerous categories, and extensive labeling/legend elements, creating moderate-to-high perceptual load. Despite the structured layout, the dense color coding and dual measures increase complexity.","diverging stacked bar chart","0.95"
"treasuryK03_3.png","0.24","0.9","The visualization is simple, with only five bars, a single quantitative axis, and minimal annotations beyond value labels and a title. The 3D styling adds slight visual detail, but overall it remains easy to parse and low in cognitive load.","3D bar chart","0.98"
"whoK06_2.png","0.34","0.89","This is a single pie chart with about ten slices, a title, and a legend, making it moderately detailed but still easy to parse overall. The limited structure and absence of axes or multiple panels keep the visual complexity relatively low.","pie chart","0.99"
"economist_daily_chart_240.png","0.31","0.88","This is a relatively clean time-series graphic with a single plotting area, sparse gridlines, and four overlapping trend lines. Complexity is modest because the lines overlap and the legend adds some comparison load, but the overall layout remains simple and easy to parse.","multi-series line chart","0.98"
"economist_daily_chart_99.png","0.56","0.88","This world map contains many geographic regions with distinct color encodings and a legend, creating moderate visual density and comparison effort across numerous countries. The design is otherwise clean, with a single variable and limited annotation, keeping complexity from being very high.","choropleth world map","0.99"
"economist_daily_chart_439.png","0.34","0.88","This is a fairly straightforward grouped horizontal bar chart with two series across a moderate number of countries, making it easy to scan despite having many bars. The layout is clean and consistent, with limited annotation and no intricate visual encodings beyond comparison across categories and years.","grouped horizontal bar chart","0.98"
"economist_daily_chart_215.png","0.42","0.84","This is a moderately complex world map with many labeled countries, leader lines, and categorical color fills, but it remains fairly sparse with only a few visual encodings and ample whitespace. The geographic base adds some detail, yet the overall design is still relatively easy to parse.","choropleth world map","0.94"
"treasuryK03_2.png","0.28","0.91","The visualization shows only five bars with a single quantitative axis and straightforward labels, making it easy to parse. Complexity is slightly increased by the decorative 3D styling, large title/subtitle, and value annotations above each bar.","3D bar chart","0.98"
"economist_daily_chart_449.png","0.46","0.84","This is a ranked horizontal bar chart with many categories, labels, annotations, and side callout boxes, creating moderate visual density. The layout remains orderly and repetitive, so it is not highly complex despite the amount of text.","horizontal bar chart","0.98"
"treasuryI02_1.png","0.52","0.88","This is a moderately complex dual-axis combination chart with multiple series, yearly categories, gridlines, legend, and mixed encodings (bars and lines), which increases perceptual load. However, the layout is still fairly standard and readable rather than highly dense or intricate.","dual-axis bar-and-line combo chart","0.97"
"v486_n7404_9_f2.png","0.72","0.89","The figure is fairly complex due to multiple overlaid colored line series with markers, error bars, annotations, a legend, and two inset plots, all of which increase perceptual load. The dominant structure is still a multi-series quantitative trend plot rather than a highly dense matrix or network.","multi-series line chart","0.96"
"economist_daily_chart_392.png","0.31","0.9","This is a straightforward ranked horizontal bar chart with a single quantitative scale, consistent bar styling, and moderate labeling. Complexity is kept fairly low despite multiple categories because the layout is clean and there are no layered encodings or dense annotations.","horizontal bar chart","0.98"
"economist_daily_chart_491.png","0.42","0.88","The chart has a moderate number of categories and stacked bars, plus gridlines, labels, legend, and rank annotations that add some visual detail without becoming highly dense. Its structure remains orderly and easy to parse overall.","horizontal stacked bar chart","0.98"
"v485_n7397_6_f4.png","0.68","0.87","This figure has moderate-to-high visual complexity due to multiple overlaid datasets, model curves, annotations, legends, error bars, and logarithmic axes. The dominant structure is a set of measured points plotted against wavelength with fitted spectral curves.","scatter plot with fitted curves","0.9"
"wsj262.png","0.34","0.88","This is a relatively simple two-series time line chart with limited data points, clear labeling, and modest annotation. Complexity is increased slightly by callout boxes, gridlines, and source text, but the overall structure remains easy to parse.","line chart","0.98"
"v486_n7404_20_f6.png","0.42","0.87","The figure is a moderately complex scientific plot with two data series, logarithmic scaling, error bars, a legend, and two inset trajectory images. Despite these added elements, the main structure remains a straightforward two-series scatter plot.","scatter plot with error bars","0.96"
"whoK17_1.png","0.22","0.93","This is a simple two-bar comparison with a single series, clear labels, and minimal decorative elements, making it easy to parse. Complexity is slightly increased by the title, axis, legend, and caption, but overall the visual remains sparse and straightforward.","vertical bar chart","0.99"
"treasuryB15.png","0.52","0.84","The slide combines a moderately populated scatter plot with labeled points, axes, gridlines, a large title, navigation header, and substantial explanatory text on the left, creating moderate visual and cognitive load. The chart itself is fairly simple, but the surrounding slide elements increase overall complexity.","scatter plot","0.98"
"economist_daily_chart_390.png","0.46","0.84","The chart has moderate visual complexity: multiple overlapping time-series lines and a sizable legend require some comparison effort, but the layout is clean with a single panel and limited annotation. The consistent scale and restrained styling keep it from being highly complex.","multi-series line chart","0.98"
"wsj170.png","0.56","0.86","The figure has moderate visual complexity: a single time-series line is easy to follow, but numerous annotated event markers, labels, shaded monthly bands, and gridlines add noticeable detail and cognitive load. The dominant structure is still one continuous stock-price trend over time.","annotated line chart","0.98"
"v484_n7393_6_f4.png","0.34","0.84","This is a relatively simple scientific line plot with two smooth curves, a few data points with error bars, and one inset zoom panel connected by guide lines. The inset and annotations add some detail, but the overall figure remains moderately easy to parse.","line chart","0.95"
"wsj405.png","0.58","0.84","The graphic combines a moderately detailed time-series line chart with multiple annotated event callouts and text blocks, increasing cognitive load beyond a simple chart. The layout is structured and readable, so complexity is moderate rather than high.","annotated line chart","0.97"
"treasuryK06.png","0.42","0.87","The chart has only three categories and two series, but the 3D styling, rotated value labels, mixed positive/negative values, and heavy annotations add moderate perceptual complexity. The dominant form is a grouped vertical bar chart despite the decorative 3D perspective.","grouped bar chart","0.95"
"v490_n7418_12_f1.png","0.62","0.84","The figure is moderately complex due to many colored data points with error bars, two stacked panels, dual y-axes, and dense temporal coverage, though the overall structure remains a standard scientific plot. The dominant visual form is a time-series scatter display with uncertainty bars rather than lines.","time-series scatter plot with error bars","0.95"
"economist_daily_chart_187.png","0.56","0.88","The figure is a long ranked horizontal bar chart with many categories, labels, gridlines, and a reference line, creating moderate-to-high visual density but still a clear single-encoding structure. Its layout is orderly rather than intricate, so complexity is elevated mainly by the number of entries and annotations.","horizontal diverging bar chart","0.97"
"economist_daily_chart_103.png","0.58","0.87","The chart has moderate visual complexity due to many grouped bars across regions, multiple color-coded years, and both positive and negative values around a zero baseline. It remains fairly structured and readable because the layout is consistent and uses a single main encoding.","grouped bar chart","0.96"
"whoI11_1.png","0.68","0.84","The figure has moderate-to-high visual complexity due to the 3D perspective, dense gridlines, multiple shaded bar groups, legend, and many small axis labels that increase perceptual load. The dominant display is a set of vertical bars rendered in 3D across categories and prevalence bins.","3D bar chart","0.97"
"treasuryA10.png","0.42","0.88","This is a moderately complex visualization: it has three time-series lines, annotations, footnotes, and styled headers, but the overall structure remains clean and readable with a single panel and consistent axes. The perceptual load is driven more by multiple labeled trend lines and text elements than by dense marks.","line chart","0.98"
"economist_daily_chart_380.png","0.24","0.9","The visualization is relatively simple: two time-series lines on a single panel with clear labeling, sparse annotations, and a modest number of axis ticks/gridlines. Complexity is low because there are few visual elements and no dense marks, though the long time span and dual series add some detail.","line chart","0.99"
"treasuryL16.png","0.46","0.88","This chart has moderate visual complexity due to many grouped bars across numerous sector categories, multiple color-coded regions, rotated labels, and value annotations. However, the overall structure is still a standard single-panel comparison chart with ample whitespace and limited decorative elements.","grouped bar chart","0.98"
"whoJ40_1.png","0.58","0.88","The figure contains many horizontal bars across numerous categories, multiple color segments, a legend, annotations, and substantial caption text, creating moderate-to-high visual complexity. The structure is still orderly and readable because it uses a single consistent bar layout.","horizontal stacked bar chart","0.98"
"economist_daily_chart_54.png","0.72","0.88","The graphic contains many rows, repeated icons, labels, color encodings, and annotations across a shared age axis, creating fairly high visual density and comparison effort. Its structure is consistent and orderly, which keeps it from being maximally complex.","annotated dot plot","0.9"
"wsj277.png","0.34","0.84","The graphic uses a small number of bars, clear categorical groupings, and limited annotation, making it fairly easy to parse despite the split layout and multiple rating categories. Visual detail is moderate rather than minimal because of the mirrored sections, labels, and color-coded party distinctions.","grouped bar chart","0.86"
"whoK04_2.png","0.42","0.84","The figure uses two aligned panels of vertical bars with many categories, labels, gridlines, and value annotations, creating moderate visual density without being highly intricate. Its structure is still regular and easy to parse compared with more complex multi-encoding charts.","grouped bar chart","0.86"
"wsj167.png","0.31","0.9","This is a single-series time chart with one shaded area/line, clear axes, and limited annotations, making it relatively easy to parse. Visual complexity is modest due to the long time span, gridlines, background banding, and callout label, but overall the design remains simple.","area chart","0.96"
"wsj459.png","0.46","0.84","The graphic has a moderate amount of visual structure: multiple labeled segments, two quantitative panels, dotted connectors, and mixed positive/negative bars, but it remains fairly clean with limited colors and only a handful of categories. The dominant form is a paired horizontal bar display comparing revenue and operating profit/loss by segment.","grouped horizontal bar chart","0.82"
"wsj508.png","0.42","0.87","This is a moderately complex graphic with two time-series lines, annotations, shaded bands, and prominent callout bubbles, but it remains easy to parse because the layout is clean and the number of data series is small. The dominant structure is a two-series line chart over time.","annotated line chart","0.97"
"wsj54.png","0.22","0.93","This is a simple two-series line chart with few data points, limited annotations, and a clean layout, making it easy to parse visually. Complexity is low despite labeled lines and gridlines because the graphic contains minimal marks and structure.","line chart","0.99"
"wsj474.png","0.46","0.88","The graphic contains three side-by-side pie charts with multiple labeled slices, annotations, headings, and footnotes, creating moderate visual and cognitive load. It is organized and readable, but the repeated segmented charts and surrounding text add noticeable complexity.","pie chart","0.98"
"economist_daily_chart_430.png","0.42","0.84","This is a moderately complex multi-series line chart with six labeled trend lines, gridlines, axis ticks, and annotations, but it remains fairly readable due to direct labeling and a clean layout. The visual density is moderate rather than high because there are no dense marks, panels, or heavy encodings.","multi-series line chart","0.98"
"treasuryG06_2.png","0.78","0.89","The figure is visually dense, with many narrow color-coded bars across a long time axis, multiple series in the legend, gridlines, labels, and an added text annotation panel. The dominant display is a multi-series vertical bar chart showing maturities over time.","grouped bar chart","0.93"
"whoB24_1.png","0.42","0.87","The figure uses a single panel with repeated vertical stacks of dots across categorical groups, so the structure is straightforward, but the many individual points, long labels, and multiple categories add moderate perceptual load. Overall it is moderately complex rather than dense or highly intricate.","strip plot","0.84"
"visMost132.png","0.9","0.94","The visualization is highly dense, combining many radial axes, numerous colored markers, labels, legends, annotations, and decorative imagery in a single circular layout. Its packed structure and multiple indicator series create substantial perceptual and cognitive load.","radial dot plot","0.82"
"economist_daily_chart_69.png","0.34","0.88","This is a relatively simple multi-series time chart with a single panel, limited annotations, and a modest number of lines and labels. Complexity is increased somewhat by overlapping forecast and actual series across many years, but it remains easy to parse overall.","line chart","0.98"
"v486_n7401_8_f1.png","0.82","0.91","The figure is a dense multi-panel scientific graphic with several stacked time-series plots, many colored data points, smoothed trend lines, dual axes, annotations, and uncertainty/error representations. The amount of overplotted information and multiple variables across panels creates high perceptual and cognitive complexity.","multi-panel time-series plot","0.96"
"economist_daily_chart_116.png","0.42","0.88","The chart is moderately complex: it uses multiple colored layers for seven countries, a legend, axes, gridlines, and an annotated target region, but the overall layout is clean and the trends are easy to follow. The stacked areas create some perceptual load, though the design remains relatively uncluttered.","stacked area chart","0.98"
"visMost143.png","0.42","0.88","The visualization has a moderate number of categories, labels, and annotations, with paired bars extending above and below a central band for each education level. It is structured and readable, but the dense text boxes and dual metrics increase perceptual load beyond a simple bar chart.","diverging bar chart","0.93"
"treasuryG02_2.png","0.68","0.87","The figure combines a dense stacked bar chart with many categories, positive and negative values, annotations, dual-side axes, and a large explanatory text block, creating moderate-to-high perceptual load. Although the structure is regular, the numerous colored segments and labels increase complexity.","stacked bar chart","0.96"
"v488_n7412_1_f4.png","0.24","0.9","The figure is a single black line over time with ample white space and minimal styling, labels, or annotations. Complexity is kept low despite the dual y-axes and many rotated x-axis labels, which add some perceptual load.","line chart","0.98"
"v487_n7405_21_f2.png","0.52","0.82","The figure is a moderately complex scientific plot with two overlaid line series, labeled axes, an inset subplot, and a small molecular illustration, adding perceptual detail without becoming extremely dense. The main structure remains a readable two-series line chart despite the extra embedded elements and noisy blue trace.","line chart","0.96"
"wsj11.png","0.28","0.91","The graphic is a straightforward grouped horizontal bar chart with only seven categories, two series, limited color use, and minimal annotation, making it easy to parse. Complexity is slightly raised by the headline/subtitle text and repeated paired bars across categories.","grouped horizontal bar chart","0.98"
"wsj259.png","0.76","0.88","The graphic is visually dense, combining multiple colored radial step lines, annotations, labels, icons, and decorative callouts in a circular layout that increases perceptual load. Although it tracks only three series, the nonstandard radial arrangement and heavy annotation make it fairly complex to parse.","radial step chart","0.84"
"whoI12_2.png","0.78","0.9","The figure is visually dense due to the 3D perspective, many individual bars, heavy gridlines, and a long legend with numerous animal categories, all of which increase perceptual load. The encoding is also harder to parse because the bars are distributed in 3D space rather than a simple 2D layout.","3D bar chart","0.98"
"wsj172.png","0.42","0.88","This is a moderately complex grouped vertical bar chart with many yearly bars, two color series, gridlines, annotations, and a shaded target region, but the overall structure remains straightforward and readable. The repeated bars and labels add some perceptual load without making it highly dense or intricate.","grouped bar chart","0.95"
"wsj481.png","0.24","0.92","This is a simple ranked horizontal bar chart with a small number of categories, limited colors, and minimal annotation, making it easy to parse. Complexity is slightly increased by the diverging positive/negative values and text labels, but overall it remains visually straightforward.","diverging horizontal bar chart","0.97"
"v485_n7397_15_f1.png","0.56","0.88","The figure shows a moderately dense node-link network with many labeled nodes, several disconnected clusters, and a continuous color legend, creating moderate perceptual load without extreme clutter. The layout is fairly sparse with limited edge crossings, which keeps complexity from being very high.","node-link network diagram","0.98"
"vis564.png","0.42","0.84","The graphic uses a large headline and a dense grid of repeated person icons with highlighted subsets and annotations, creating moderate visual detail but a straightforward overall structure. The limited color palette and single comparison keep it from being highly complex.","pictogram chart","0.97"
"wsj9.png","0.28","0.92","This is a simple grouped horizontal bar chart with only three categories, two series, minimal gridlines, and limited visual encodings. The main added complexity comes from the headline, subtitle, legend, and annotations rather than dense data or intricate structure.","grouped horizontal bar chart","0.98"
"treasuryD05_1.png","0.58","0.84","The visualization has moderate-to-high complexity due to multiple waterfall steps, extensive explanatory text, annotations, and dense category labels, though the overall structure remains organized and readable. The main graphic is a sequential bar-based decomposition showing reductions from an initial total to a final estimate.","waterfall chart","0.99"
"economist_daily_chart_85.png","0.42","0.88","This chart has moderate visual complexity: it shows 20 ranked horizontal bars with labels, axis ticks, and an additional right-side annotation column for percent change. The layout is orderly and easy to scan, but the number of categories and extra numeric annotations add some cognitive load.","horizontal bar chart","0.98"
"economist_daily_chart_454.png","0.52","0.84","The chart has a moderate number of categories, dual-series bars, ranking labels, legends, and gridlines, creating a medium level of perceptual load without becoming highly dense. Its structure is still orderly and repetitive, which keeps complexity from being very high.","diverging horizontal bar chart","0.96"
"economist_daily_chart_35.png","0.58","0.87","The chart contains many country rows, dual markers per row, connecting lines, annotations, and an additional totals column, creating moderate-to-high visual density. However, the layout is still structured and repetitive, which keeps complexity below the highest levels.","connected dot plot","0.92"
"v488_n7413_3_f2.png","0.93","0.95","The figure is highly dense, combining multiple stacked panels, many colored point series, step lines, annotations, arrows, legends, and dual axes, creating substantial perceptual and cognitive load. Its dominant structure is a multi-panel time-series display with overlaid scatter and line encodings across geological time.","multi-panel time-series plot","0.94"
"v484_n7394_5_f5.png","0.31","0.88","The figure is a fairly simple 2D parameter-space plot with one shaded allowed region, a few reference lines, labeled axes, and a compact legend. Visual density is low to moderate, with limited marks and no heavy layering beyond the filled region and guide lines.","shaded region plot","0.82"
"visMost240.png","0.84","0.93","The visualization is densely packed with many labeled nodes, connecting lines, color-coded clusters, and concentric reference rings, creating high perceptual and cognitive load. Its radial layout is organized, but the sheer number of elements and annotations makes it visually complex.","radial network diagram","0.95"
"economist_daily_chart_53.png","0.46","0.84","The chart has many labeled rows and columns with numerous small marks, requiring moderate scanning effort, but it remains structured and sparse enough to avoid high visual density. Its grid-like layout and repeated event indicators create moderate complexity rather than clutter.","timeline matrix","0.88"
"wsj540.png","0.42","0.84","This is a moderately complex annotated dot plot with a single main series, gridlines, labels, and several callouts for comparison states. The layout is readable but includes enough annotations and side labels to add perceptual load beyond a simple chart.","annotated dot plot","0.9"
"whoB05_1.png","0.34","0.88","The figure uses a small number of stacked filled areas over time with a single panel, clear legend, and limited annotations, making it moderately simple to parse. Complexity is increased somewhat by overlapping shaded regions and a long title, but overall the visual structure remains straightforward.","stacked area chart","0.98"
"v485_n7399_9_f2.png","0.34","0.88","The figure is relatively simple, with a single vertical energy axis, a small number of colored horizontal level bars, and a few annotations/arrows. It has moderate informational content but low visual density and limited structural complexity.","energy level diagram","0.98"
"treasuryK05_1.png","0.34","0.9","The figure contains only a few categories and a single dominant graphic, so the informational load is fairly low. Complexity is modestly increased by the 3D perspective, exploded slices, leader lines, and multiple text labels.","3D exploded pie chart","0.99"
"wsj220.png","0.28","0.9","This is a straightforward single-series bar chart with a limited number of bars, simple axes, and minimal annotation, making it easy to parse. Complexity is slightly increased by the title, subtitle, source note, and multi-year labels, but overall it remains visually simple.","bar chart","0.98"
"economist_daily_chart_516.png","0.34","0.9","This is a relatively simple horizontal grouped bar chart with nine categories, two series, clear labeling, and modest annotation. Complexity is increased slightly by the ranking boxes on the right and the dense gridlines, but overall it remains easy to parse.","grouped horizontal bar chart","0.98"
"wsj176.png","0.34","0.88","This is a relatively simple annotated time-series graphic with one set of monthly bars and a single overlaid line, plus modest labeling and gridlines. The dual encoding and text annotations add some detail, but the overall layout remains clean and easy to parse.","bar chart with overlaid line chart","0.96"
"wsj521.png","0.28","0.9","The graphic is a straightforward horizontal bar chart with five categories, limited colors, and minimal decorative elements, making it easy to parse. Complexity is slightly increased by the embedded date/value annotations and the split bar for Greece.","horizontal bar chart","0.97"
"economist_daily_chart_48.png","0.46","0.88","This map has moderate visual complexity: it contains many geographic regions, a multi-class color legend, labels, and inset maps, but the overall design is still clean and easy to parse. The state-level coloring and boundaries create some detail without becoming highly dense or cluttered.","choropleth map","0.99"
"wsj286.png","0.58","0.84","The graphic combines a timeline with multiple annotated sections, large proportional circles, and dense text blocks, creating moderate-to-high perceptual load. Its structure is organized and visually segmented, which keeps complexity below the highest levels despite the amount of information shown.","annotated timeline infographic","0.93"
"visMost374.png","0.88","0.94","The image is visually dense, combining a detailed world map background with many labeled callouts, legends, and numerous colored 3D proportional cubes spread across regions. The amount of annotation, symbol variety, and geographic detail creates high perceptual and cognitive load.","proportional symbol world map","0.96"
"vis87.png","0.72","0.9","The map contains many small geographic polygons, labels, roads, and a multi-class color encoding, creating substantial visual detail and moderate-to-high cognitive load. Its structure is still organized by a clear legend and familiar map layout, so it is not maximally complex.","choropleth map","0.99"
"whoK19_1.png","0.34","0.87","The figure has only two main grouped vertical stacks with four color-coded categories and direct labels, making it fairly easy to parse despite the sloped segment boundaries and multiple annotations. The layout is moderately detailed but not dense or highly intricate.","stacked area chart","0.62"
"v483_n7391_8_f1.png","0.29","0.9","The figure is a relatively simple single-panel scientific plot with two smooth curves and a set of point markers, plus standard axes and labels. Visual density is low and there are no legends, colors, grids, or multiple subplots, keeping cognitive load modest.","line chart","0.86"
"economist_daily_chart_89.png","0.78","0.9","This is a dense thematic map with many colored regions, labels, boundary lines, legends, and geographic annotations spread across a large area, creating substantial perceptual load. Despite the complexity, the color encoding and overall structure remain organized enough to avoid the highest complexity level.","thematic map","0.95"
"wsj392.png","0.24","0.91","The graphic is visually simple, with only four large colored rectangles, a small amount of text, and clear separation into two year-based comparisons. Its low element count and straightforward layout make it easy to process despite the annotations.","proportional area chart","0.78"
"wsj271.png","0.34","0.91","This is a relatively simple time-series bar chart with a modest number of bars, limited color palette, and clear annotations. Complexity is increased slightly by callout labels, year banding, and positive/negative color encoding, but overall it remains easy to parse.","bar chart","0.96"
"wsj462.png","0.46","0.84","The figure is a labeled choropleth-style regional map with multiple colored areas, boundary lines, annotations, and a legend, creating moderate visual detail without becoming highly dense. The layout is still fairly clean and uses a limited color palette, keeping complexity below high levels.","choropleth map","0.96"
"visMost271.png","0.9","0.95","The image is highly dense, combining a full world map with many country labels, colored regions, brand logos, production annotations, and decorative background textures. The numerous overlapping textual and graphical elements create substantial perceptual and cognitive load.","thematic world map","0.93"
"whoI11_2.png","0.42","0.84","The figure is a relatively simple statistical graphic with one panel, a moderate number of binned bars, axis labels, and a legend. Complexity is increased somewhat by stacked/grouped encoding, dense rotated x-axis bin labels, and hatch patterns, but overall it remains fairly easy to parse.","stacked histogram","0.88"
"economist_daily_chart_416.png","0.52","0.84","The chart has moderate complexity due to the dual y-axes, combined bar-and-line encoding, dense time series labels, and gridlines, but it remains fairly readable with a single panel and limited color palette. The dominant structure is a time-series combination of annual bars with an overlaid line.","dual-axis bar-and-line chart","0.96"
"v485_n7400_14_f1.png","0.82","0.92","The image is visually dense, with many irregular colored regions, labels, fault lines, symbols, inset map, scale bar, compass, and a large legend that increase perceptual load. It is still somewhat structured by geographic layout and categorical coloring, preventing it from reaching maximum complexity.","geological map","0.99"
"treasuryB10.png","0.62","0.84","The graphic combines a central 3D diverging bar display with many annotations, labels, footnotes, and a large explanatory text block, creating moderate-to-high perceptual load. While the number of plotted values is limited, the decorative styling and dense surrounding text increase overall complexity.","diverging bar chart","0.9"
"vis409.png","0.78","0.89","The infographic is visually dense, combining large headline text, decorative graphics, a labeled pie chart, callouts, and a grid of illustrated panels, which creates substantial perceptual load. The dominant analytical graphic is the centrally placed pie chart with many colored slices and external labels.","pie chart infographic","0.93"
"visMost357.png","0.84","0.93","The visualization is visually dense, combining a large annotated pie chart with many labeled callout boxes, icons, varied text blocks, and a photographic background overlay. The numerous slices and surrounding annotations create high perceptual and cognitive load.","annotated pie chart","0.97"
"wsj55.png","0.34","0.88","The graphic uses two stacked vertical bars with a few colored segments, labels, and annotations, making it moderately simple but not minimal due to the explanatory text and multiple segment callouts. The overall structure is clear and sparse, with limited data marks and straightforward comparisons.","stacked bar chart","0.97"
"wsj529.png","0.34","0.88","This is a relatively simple small-multiple horizontal bar chart with a limited color palette, few variables, and clear grouping by ethnicity and age. Complexity is moderate rather than minimal because it includes paired bars, subgroup labels, annotations for diabetes type, and multiple category rows.","grouped horizontal bar chart","0.96"
"v484_n7394_10_f4.png","0.72","0.84","The figure combines multiple overlaid time-series bands, dual y-axes, geological annotations, shaded intervals, and top timeline bars, creating substantial visual density and interpretive load. While the structure is still readable, the many layers and labels make it moderately high in complexity.","annotated dual-axis time-series plot","0.92"
"wsj316.png","0.72","0.9","The image combines a time-series line chart with multiple large annotated callout bubbles, dense text, event markers, and a prominent photographic background, creating substantial visual and cognitive load. The dominant structure is still a single line tracking Treasury yield over time.","annotated line chart","0.97"
"wsj144.png","0.72","0.88","The visualization is fairly complex due to the many overlapping flight-route lines, numerous labeled destinations, and the added dense text list at the bottom. Although the base map is clean and muted, the network of arcs and annotations creates substantial visual and cognitive load.","flow map","0.96"
"visMost376.png","0.72","0.88","The visualization is visually dense due to the intricate Millennium Falcon blueprint illustration segmented into multiple colored wedges, combined with labeled horizontal bars and large annotation text. Despite the structured layout and limited number of categories, the detailed linework and layered composition create substantial perceptual complexity.","pictorial segmented bar chart","0.63"
"vis618.png","0.62","0.88","The map contains all U.S. states with labels, percentages, rankings, color highlights, a legend, title, and callouts for small northeastern states, creating moderate-to-high visual density. It is still structured and readable, so complexity is not extreme.","choropleth map","0.98"
"visMost187.png","0.28","0.88","The graphic contains a small number of labeled circles with ample white space and no axes or dense annotations, making it easy to parse. Complexity is modest due to varying bubble sizes and text labels, but overall the layout remains simple.","bubble chart","0.97"
"visMost505.png","0.42","0.88","The chart uses a modest number of labeled bubbles with clear axes and ample whitespace, making it fairly easy to parse despite multiple colors, annotations, and bubble-size encoding. The logarithmic y-axis and several text labels add some cognitive load but overall density remains moderate.","bubble chart","0.99"
"economist_daily_chart_129.png","0.46","0.84","This is a moderately complex annotated time-series graphic: it has only a few lines and a single panel, but includes multiple line styles, shaded forecast region, arrows, labels, and callout text that increase perceptual load. The dominant structure is still a line chart tracking GDP over time with trend and forecast overlays.","annotated line chart","0.96"
"v486_n7403_19_f2.png","0.72","0.88","The figure is a dense matrix of many small colored cells across numerous genes and samples, with additional summary bars and labels that increase perceptual load. Its structure is regular and readable, but the volume of marks and annotations makes it moderately high in visual complexity.","oncoprint heatmap","0.97"
"visMost420.png","0.62","0.88","The visualization combines a labeled donut chart with decorative imagery, multiple annotations, and substantial surrounding text, creating moderate-to-high perceptual load. The central chart itself is readable, but the dark textured background and many callouts increase visual complexity.","donut chart","0.97"
"visMost537.png","0.92","0.95","The image is highly dense, with many nodes, multicolored curved links, labels, icons, and relationship categories packed across the canvas, creating substantial perceptual and cognitive load. Its dominant structure is a character relationship network rather than a simple statistical chart.","network diagram","0.98"
"visMost190.png","0.88","0.94","The infographic is visually dense, combining a large annotated timeline scatter plot with many team logos, trophies, labels, side panels, and explanatory callouts, creating high perceptual and cognitive load. The dominant structure is a time-versus-average-age scatter display, but it is heavily embellished with infographic elements.","annotated scatter plot timeline","0.9"
"v485_n7400_15_f2.png","0.58","0.84","The figure is a multi-category bar chart with five bars, long rotated labels, inset distribution plots inside each bar, significance markers, and bird photos above bars, creating moderate-to-high visual detail. The structure is still organized and readable, so complexity is not extreme.","annotated bar chart","0.93"
"v489_n7416_15_f2.png","0.24","0.92","This is a relatively simple two-series scatter plot with a modest number of points, ample whitespace, and minimal annotations beyond axes and a legend. The visual load is low despite some spread in point positions and distinct marker shapes.","scatter plot","0.98"
"economist_daily_chart_202.png","0.34","0.88","This is a moderately simple chart with a single panel, one set of plotted points, and direct labels for countries. Complexity is increased somewhat by the number of labeled points and gridlines, but overall it remains easy to parse.","scatter plot","0.99"
"v483_n7390_8_f1.png","0.34","0.87","The figure is a relatively simple annotated scientific plot with four diagonal lines, labeled states, axes, and two vertical transition arrows. Complexity is moderate-low because the structure is sparse and easy to parse despite several text annotations.","annotated line chart","0.93"
"v489_n7415_12_f5.png","0.34","0.88","This is a single-panel horizontal bar chart with many categories but a straightforward layout, consistent bar encoding, and limited use of color. The number of labels and legend add some reading load, but overall the structure is simple and easy to parse.","horizontal bar chart","0.98"
"wsj162.png","0.68","0.84","The chart combines many yearly bars across a long timeline with presidential portraits, labels, annotations, and event icons, creating moderate-to-high visual density. The core encoding is still a single bar chart, but the decorative and contextual elements increase perceptual complexity.","annotated diverging bar chart","0.94"
"v486_n7401_8_f2.png","0.52","0.84","The figure has moderate visual complexity: a continuous color-encoded ocean field over a world map with gridlines, coastlines, labeled sampling sites, and a colorbar, but the overall layout remains clear and not overly dense. The dominant visual form is a thematic geospatial raster showing sea surface temperature values across the Pacific.","thematic heat map","0.78"
"visMost601.png","0.62","0.84","The graphic contains multiple overlaid narrative curves, annotations, labels, and decorative styling on a chalkboard background, creating moderate-to-high perceptual load. While the structure is readable, the dense text and intersecting lines increase complexity.","annotated line chart","0.9"
"economist_daily_chart_45.png","0.56","0.84","The chart contains many repeated rows, icons, labels, gridlines, and dual-series values across numerous countries, creating moderate-to-high visual density. However, the structure is highly regular and aligned, which keeps it from feeling extremely complex.","dumbbell plot","0.93"
"visMost77.png","0.82","0.94","The image is densely packed with many colored branches, handwritten labels, icons, and annotations radiating from a central topic, creating high perceptual and cognitive load. Despite the clear central structure, the abundance of elements and varied visual motifs make it visually complex.","mind map","0.99"
"economist_daily_chart_219.png","0.72","0.89","The figure overlays many labeled proportional circles in two colors on a world map, creating moderate-to-high visual density and overlap, especially across Asia. Despite the clutter, the overall structure remains readable because the background map is muted and the encoding is consistent.","proportional symbol map","0.98"
"v483_n7388_14_f3.png","0.34","0.88","This figure is a moderately simple multi-series scatter plot with five clearly separated marker-coded datasets, standard axes, and a legend. Complexity is limited by the clean layout and absence of dense overlap, though the multiple series and many plotted points add some visual detail.","scatter plot","0.97"
"economist_daily_chart_475.png","0.72","0.89","The map contains many labeled countries, numerous overlapping flow arrows of varying thickness, and multiple numeric annotations, creating substantial visual density and cognitive load. The overall structure is still readable as a single global flow map, so complexity is high but not maximal.","flow map","0.97"
"v483_n7391_1_f1.png","0.72","0.87","The figure combines a detailed shaded-relief island map with three inset 3D bathymetric/terrain views, multiple labels, callouts, numbered markers, and a color legend, creating substantial visual detail and cognitive load. The dominant structure is a geographic map with annotated inset panels rather than a single simple chart.","annotated relief map with inset 3D bathymetric views","0.9"
"visMost468.png","0.62","0.84","The graphic contains many labeled rows, colored horizontal deadline bars, decorative background elements, and a calendar-like header, creating moderate-to-high visual density. Its structure is still fairly organized and repetitive, which keeps it from being extremely complex.","timeline chart","0.86"
"wsj593.png","0.22","0.93","This is a straightforward ranked horizontal bar chart with 10 categories, direct value labels, and minimal decorative elements, making it easy to parse. The dark background and one highlighted bar add slight visual detail but do not substantially increase complexity.","horizontal bar chart","0.99"
"v486_n7403_1_f8.png","0.42","0.88","The figure is a single-panel overlaid histogram with many bins and a legend, creating moderate density but still remaining easy to parse due to limited colors and simple axes. Most complexity comes from the numerous black bars and overlapping colored distributions rather than from multiple panels or annotations.","overlaid histogram","0.97"
"visMost635.png","0.46","0.87","The map uses a moderate number of proportional circles over U.S. states, creating some overlap and visual density in coastal regions, but the overall design remains fairly clean with limited colors and annotations. The geographic base map and bubble-size legend add moderate perceptual load without making the figure highly intricate.","proportional symbol map","0.97"
"vis586.png","0.34","0.9","This is a relatively clean two-series time-based line chart with a single plotting area, clear axes, and limited annotations. Complexity is modest due to the long time span, dual lines, legend, gridlines, and decorative background illustration, but it remains easy to parse overall.","line chart","0.99"
"v489_n7416_3_f4.png","0.9","0.95","The figure is dominated by a dense annotated heatmap with many small cells, multiple colored category bands, numerous white highlight boxes, rotated labels, and an additional bar chart panel, creating high perceptual and cognitive load. The primary visual form is the large matrix of color-encoded values rather than the smaller supplementary chart below.","annotated heatmap matrix","0.97"
"visMost575.png","0.68","0.84","The graphic uses a rotated grid with multiple annotated price nodes, curved connectors, color-coded upgrade badges, and prominent decorative typography, creating moderate-to-high perceptual complexity. Despite the dense annotations, the overall structure is still organized around a single comparison matrix.","annotated comparison matrix","0.72"
"v490_n7418_14_f2.png","0.42","0.88","The figure is a moderately detailed phylogenetic tree with many branching line segments, taxon labels, and a few annotation bars, but it remains monochrome and structurally clean. The layout is organized and not densely cluttered, keeping complexity in the mid range rather than high.","phylogenetic tree","0.98"
"wsj553.png","0.42","0.88","The graphic uses repeated person icons across four country rows with flags, labels, and large percentage annotations, creating moderate visual detail but still a clear and structured layout. The icon repetition adds some density, though the small number of categories keeps cognitive load manageable.","pictogram chart","0.97"
"v490_n7419_11_f1.png","0.78","0.89","The figure is visually dense, combining a geographic basemap with bathymetric shading, many earthquake points, focal mechanism symbols, rupture overlays, arrows, labels, legends, axes, and an inset map. The layered annotations and multiple encodings create substantial perceptual and cognitive load.","thematic map","0.95"
"vis625.png","0.56","0.84","The infographic combines a large headline, portrait, quote box, explanatory text, and a labeled segmented pie chart, creating moderate visual density and multiple focal areas. The chart itself is fairly simple, but the overall layout and annotations add noticeable cognitive load.","infographic with pie chart","0.92"
"vis697.png","0.72","0.88","The image combines a stylized UK map with multiple proportional red circles, numerous region labels, side navigation elements, large summary text, and decorative textures, creating fairly high perceptual load. The dominant visualization is a map-based display where circle sizes encode accident totals by region.","proportional symbol map","0.95"
"wsj20.png","0.72","0.88","The graphic overlays many curved shot trajectories, player photos, labels, and annotations on a full soccer field background, creating substantial visual detail and moderate cognitive load. Despite the clutter, the structure is still readable because all paths share the same spatial frame.","annotated trajectory map","0.84"
"v486_n7404_6_f1.png","0.52","0.84","The figure is a single-panel heatmap with a continuous color scale, multiple axes labels, and a colorbar, creating moderate perceptual load. Complexity is increased by the dense pixelated texture and overlaid dashed guide line, but the overall layout remains fairly simple.","heatmap","0.97"
"wsj395.png","0.52","0.87","This is a moderately complex annotated time-series graphic with two lines, multiple event callouts, side explanatory text, and reference lines that add cognitive load without making it highly dense. The structure remains readable because the main encoding is still a simple two-series trend over time.","annotated line chart","0.97"
"vis399.png","0.93","0.95","The image is highly dense, with many labeled nodes arranged around a circle and numerous overlapping colored links crossing the center, creating substantial visual clutter and cognitive load. The additional annotations and legend-like elements further increase perceived complexity.","chord diagram","0.96"
"wsj441.png","0.46","0.84","This is a single thematic map with many state boundaries, labels, and a four-class color legend, creating moderate visual detail without becoming highly dense. The layout is still fairly clean and easy to parse, with one dominant geographic display and limited annotation.","choropleth map","0.98"
"np_7.png","0.84","0.91","The graphic is densely packed with many annotated lines, labels, callout boxes, decorative elements, and layered text, creating high perceptual and cognitive load. Its dominant structure is a timeline-like comparison of missions with extensive annotation rather than a simple single-variable chart.","annotated timeline infographic","0.88"
"wsj557.png","0.58","0.84","The image combines a photographic background, large headline text, annotations, and a relatively simple time-series display, creating moderate visual density and some distraction. The dominant graphic is a yearly trend shown with vertical stems topped by dots, emphasizing peak demand over time.","lollipop chart","0.88"
"visMost282.png","0.72","0.88","The visualization uses a dense multi-level radial layout with many segmented wedges, labels, colors, and supplementary annotations, creating substantial perceptual load. Although well organized, the layered circular structure and numerous categories make it moderately high in visual complexity.","multi-level radial sunburst chart","0.93"
"whoL11.png","0.82","0.92","The image is visually dense, with three overlapping globe projections, many thousands of colored point marks, geographic boundaries, graticules, labels, and a legend competing for attention. The heavy spatial detail and overplotting create substantial perceptual and cognitive load.","dot distribution map","0.94"
"wsj184.png","0.82","0.9","The image combines a stock line chart with a football-field metaphor, play-diagram annotations, decorative money stacks, labels, and a callout bubble, creating a dense and visually layered composition. The dominant quantitative display is the time-series line tracking the S&P 500 across months.","annotated line chart","0.88"
"visMost108.png","0.72","0.88","The graphic is visually dense due to its 3D ring layout, many segmented slices, strong color gradients, central illustration, and side legend with numerous labels. Although it presents a single ranked comparison, the decorative perspective and multiple textual elements increase perceptual load.","3D circular bar chart","0.84"
"vis250.png","0.42","0.88","The visualization uses a simple grouped bar chart with only four category groups and two series, making the quantitative structure easy to parse. Complexity is moderately increased by the large headline, legend, dark photographic background, and decorative candidate images.","grouped bar chart","0.97"
"vis729.png","0.52","0.82","The graphic combines a UK map silhouette with large segmented proportional areas, oversized typography, and several category labels, creating moderate visual density without becoming highly intricate. Its structure is fairly clean and limited to a few major sections, but the mixed map-and-infographic layout adds cognitive load beyond a simple chart.","infographic map","0.72"
"vis286.png","0.42","0.84","The image shows a world map built from many small dots with a few highlighted circular markers and minimal labeling, creating moderate detail but limited layering or annotation. Its perceptual load is driven mainly by the dense geographic dot pattern rather than multiple variables or complex encodings.","dot density world map","0.9"
"economist_daily_chart_268.png","0.34","0.87","The graphic is relatively simple, with 12 circular flag icons arranged in a clean grid across four years and a small amount of labeling. Complexity is moderate rather than minimal because viewers must compare multiple pictorial symbols and numeric annotations across time points.","pictorial bubble chart","0.72"
"wsj52.png","0.42","0.88","This is a single time-series line chart with one main data line and a modest number of labels, gridlines, and an annotation callout. The large background logo adds some visual clutter, but the overall structure remains straightforward and easy to parse.","line chart","0.98"
"visMost523.png","0.9","0.95","The image is visually dense, with thousands of glowing point marks spread across a detailed world basemap and strong color variation indicating magnitude, creating high perceptual load. The global geographic extent and overlapping clusters make it intricate and cognitively demanding to parse.","geospatial point map","0.97"
"wsj129.png","0.62","0.84","The graphic combines several annotated book-cover images, stacked-book pictorial bars, large numeric labels, and multiple explanatory text boxes, creating moderate-to-high visual density. Its structure is still fairly organized with only four main comparisons, so it is not maximally complex.","pictorial bar chart","0.93"
"visMost55.png","0.52","0.87","The graphic shows ten bars styled as book spines with large labels, decorative typography, and annotations, creating moderate visual detail and some cognitive load. The underlying structure is still a straightforward ranked bar chart, which keeps complexity from being very high.","bar chart","0.96"
"vis67.png","0.74","0.88","The image shows a dense branching biological structure with many nested sub-branches, labels, colored nodes, and decorative leaf-like endpoints, creating substantial visual detail and cognitive load. Although the layout is organized, the numerous curved branches and annotations make it moderately high in complexity.","radial phylogenetic tree","0.96"
"wsj264.png","0.58","0.84","The image combines a full-bleed photographic background with overlaid annotations, title text, and a multi-year vertical bar chart, creating moderate-to-high perceptual load. The chart itself is fairly straightforward, but the textured photo backdrop and layered text increase visual complexity.","bar chart","0.97"
"v488_n7411_9_f1.png","0.58","0.84","The map combines a continuous color-coded raster field, coastlines, graticule labels, a colorbar, and multiple point markers, creating moderate visual density and several layers to interpret. It is not extremely cluttered, but the textured spatial field and overlays add noticeable perceptual complexity.","thematic heat map","0.78"
"visMost745.png","0.68","0.84","The graphic combines multiple mountain-shaped image marks, dual elevation scales, labels, annotations, and decorative background elements, creating moderate-to-high visual and cognitive density. Its structure is still organized and readable, so it is not maximally complex.","pictorial mountain comparison chart","0.88"
"vis768.png","0.72","0.88","The visualization is moderately high in complexity due to many labeled bubbles, multiple encodings (position, size, color), annotations, an inset chart, and explanatory side panels. Despite the dense layout, the structure is still organized around a single main plotting area, keeping it below maximal complexity.","bubble scatter plot","0.96"
"v484_n7392_14_f3.png","0.52","0.82","The figure combines a phylogenetic tree with multiple dinosaur silhouettes, labels, and a geological time scale, creating moderate visual detail and several elements to parse. It is not extremely dense, but the branching structure and annotations add noticeable cognitive load.","phylogenetic tree","0.96"
"whoI22.png","0.42","0.87","This is a moderately complex chart: it has a single series of bars, but many category labels are long and rotated, with gridlines and caption text adding visual load. The overall structure remains straightforward and easy to parse compared with denser multi-series or multi-panel visuals.","vertical bar chart","0.98"
"vis831.png","0.46","0.82","The graphic has a moderate amount of visual detail: several annotated labeled blocks, handwritten text, and a textured pictorial arrangement, but only a small number of data items and a clear overall layout. Its complexity comes more from the illustrative styling than from dense quantitative encoding.","pictogram infographic","0.93"
