imageName,chart_type,score,score_sd,score_ci_low,score_ci_high,run_count,confidence_mean,confidence_sd
whoQ51_2.png,horizontal bar chart,0.3033333333333333,0.011547005383792525,0.2746489818016702,0.3320176848649964,3.0,0.82,0.0
whoQ50_2.png,bar chart,0.31,0.0,0.31,0.31,3.0,0.82,0.0
treasuryG05_1.png,annotated line chart,0.34,0.0,0.34,0.34,3.0,0.8133333333333334,0.011547005383792478
whoQ48_5.png,multi-series line chart,0.32,0.017320508075688787,0.27697347270250533,0.3630265272974947,3.0,0.82,0.0
whoQ09_2.png,grouped bar chart,0.29666666666666663,0.011547005383792526,0.26798231513500353,0.32535101819832973,3.0,0.8333333333333334,0.011547005383792535
v484_n7394_5_f2.png,line chart,0.33,0.01732050807568879,0.28697347270250534,0.3730265272974947,3.0,0.8066666666666666,0.028867513459481266
whoQ52_4.png,stacked area chart,0.3566666666666667,0.02886751345948128,0.28495578783750897,0.4283775454958244,3.0,0.8033333333333333,0.01527525231651945
economist_daily_chart_106.png,grouped horizontal bar chart,0.41,0.017320508075688756,0.3669734727025054,0.45302652729749454,3.0,0.7833333333333333,0.0057735026918962545
whoJ44.png,line chart,0.38999999999999996,6.798699777552591e-17,0.3899999999999998,0.3900000000000001,3.0,0.7933333333333333,0.011547005383792535
economist_daily_chart_529.png,dual-axis bar and line chart,0.42,0.0,0.42,0.42,3.0,0.7966666666666667,0.0057735026918962545
whoN22.png,choropleth world map,0.5,0.034641016151377546,0.41394694540501076,0.5860530545949892,3.0,0.7799999999999999,0.010000000000000009
whoQ18_3.png,stacked bar chart,0.34,0.0,0.34,0.34,3.0,0.8099999999999999,0.017320508075688707
whoJ23.png,pie chart,0.41,0.017320508075688756,0.3669734727025054,0.45302652729749454,3.0,0.7933333333333333,0.0057735026918962545
whoN16_1.png,stacked horizontal bar chart,0.34,0.0,0.34,0.34,3.0,0.79,0.0
whoQ48_4.png,area chart,0.34,0.0,0.34,0.34,3.0,0.82,0.0
whoQ32_2.png,scatter plot,0.33,0.017320508075688787,0.28697347270250534,0.3730265272974947,3.0,0.8066666666666666,0.028867513459481256
whoN05.png,multi-series line chart,0.34,0.0,0.34,0.34,3.0,0.7999999999999999,0.017320508075688707
whoQ44_4.png,stacked area chart,0.3566666666666667,0.028867513459481284,0.28495578783750897,0.4283775454958244,3.0,0.7999999999999999,0.017320508075688676
economist_daily_chart_66.png,multi-series line chart,0.37333333333333335,0.028867513459481284,0.3016224545041757,0.445044212162491,3.0,0.8133333333333334,0.011547005383792422
treasuryI01_2.png,dual-axis line chart,0.34,0.0,0.34,0.34,3.0,0.8133333333333334,0.011547005383792478
economist_daily_chart_4.png,diverging horizontal bar chart,0.42,0.0,0.42,0.42,3.0,0.79,0.0
wsj308.png,grouped horizontal bar chart,0.52,0.0,0.52,0.52,3.0,0.79,0.0
economist_daily_chart_242.png,stacked bar chart with overlaid line chart,0.41,0.017320508075688756,0.3669734727025054,0.45302652729749454,3.0,0.7966666666666667,0.005773502691896279
whoJ33.png,multi-series line chart,0.42,0.0,0.42,0.42,3.0,0.79,0.0
economist_daily_chart_258.png,scatter plot,0.4000000000000001,0.01732050807568876,0.3569734727025055,0.44302652729749464,3.0,0.8000000000000002,0.0
whoQ06_2.png,multi-series line chart,0.34,0.0,0.34,0.34,3.0,0.8133333333333334,0.011547005383792422
whoK12_2.png,choropleth world map,0.42,0.0,0.42,0.42,3.0,0.79,0.0
whoJ32.png,horizontal bar chart,0.38999999999999996,6.798699777552591e-17,0.3899999999999998,0.3900000000000001,3.0,0.7866666666666667,0.011547005383792535
v483_n7387_5_f1.png,multi-series line chart,0.2866666666666667,0.005773502691896231,0.2723244909008352,0.30100884243249815,3.0,0.7999999999999999,0.01999999999999995
treasuryB04.png,annotated multi-series line chart,0.54,0.03464101615137751,0.4539469454050109,0.6260530545949892,3.0,0.7866666666666667,0.011547005383792509
v488_n7411_6_f4.png,multi-series line chart,0.3933333333333333,0.046188021535170036,0.278595927206681,0.5080707394599856,3.0,0.79,0.0
whoJ48_2.png,choropleth world map,0.5266666666666667,0.057735026918962595,0.3832449090083513,0.6700884243249822,3.0,0.7833333333333333,0.011547005383792535
whoQ11_1.png,multi-series line chart,0.29,0.0,0.29,0.29,3.0,0.8066666666666666,0.011547005383792509
whoN32_2.png,bar chart,0.31,0.0,0.31,0.31,3.0,0.8266666666666667,0.011547005383792535
whoJ36_2.png,annotated line chart,0.56,0.03464101615137751,0.4739469454050109,0.6460530545949892,3.0,0.8233333333333333,0.028867513459481298
economist_daily_chart_167.png,horizontal bar chart,0.42,0.0,0.42,0.42,3.0,0.7866666666666667,0.005773502691896279
whoN21_1.png,stacked bar chart,0.33,0.017320508075688787,0.28697347270250534,0.3730265272974947,3.0,0.8066666666666666,0.028867513459481256
whoJ15_1.png,horizontal bar chart,0.41,0.017320508075688756,0.3669734727025054,0.45302652729749454,3.0,0.8000000000000002,0.0
v487_n7405_6_f4.png,multi-series line chart,0.4000000000000001,0.01732050807568876,0.3569734727025055,0.44302652729749464,3.0,0.8066666666666666,0.011547005383792478
whoJ36_1.png,horizontal bar chart,0.38999999999999996,6.798699777552591e-17,0.3899999999999998,0.3900000000000001,3.0,0.7933333333333333,0.011547005383792535
whoB15_1.png,diverging stacked bar chart,0.42,0.0,0.42,0.42,3.0,0.79,0.0
economist_daily_chart_324.png,horizontal stacked bar chart,0.3933333333333333,0.046188021535170036,0.278595927206681,0.5080707394599856,3.0,0.79,0.0
wsj612.png,line chart,0.52,0.0,0.52,0.52,3.0,0.79,0.0
whoB13_2.png,pie chart,0.42,0.0,0.42,0.42,3.0,0.7966666666666667,0.0057735026918962545
whoL06.png,grouped bar chart,0.37333333333333335,0.02886751345948128,0.3016224545041757,0.445044212162491,3.0,0.7966666666666667,0.0057735026918962545
whoQ42_1.png,horizontal bar chart,0.3033333333333333,0.011547005383792525,0.2746489818016702,0.3320176848649964,3.0,0.8099999999999999,0.017320508075688718
whoQ14_2.png,horizontal bar chart,0.33,0.017320508075688787,0.28697347270250534,0.3730265272974947,3.0,0.7999999999999999,0.017320508075688676
whoB32_1.png,grouped bar chart,0.4000000000000001,0.01732050807568876,0.3569734727025055,0.44302652729749464,3.0,0.7966666666666667,0.0057735026918962545
whoN23_2.png,horizontal bar chart,0.34,0.0,0.34,0.34,3.0,0.8099999999999999,0.017320508075688763
whoB25_2.png,multi-series line chart,0.42,0.0,0.42,0.42,3.0,0.7866666666666667,0.0057735026918962545
economist_daily_chart_453.png,line chart,0.4000000000000001,0.01732050807568876,0.3569734727025055,0.44302652729749464,3.0,0.7833333333333333,0.0057735026918962545
whoQ41_1.png,horizontal stacked bar chart,0.34,0.0,0.34,0.34,3.0,0.7999999999999999,0.017320508075688676
whoB20_1.png,diverging stacked bar chart,0.42,0.0,0.42,0.42,3.0,0.7833333333333333,0.005773502691896279
whoK31.png,choropleth world map,0.3566666666666667,0.02886751345948128,0.28495578783750897,0.4283775454958244,3.0,0.7933333333333333,0.0057735026918962545
v489_n7414_25_f2.png,dual-axis line chart,0.33,0.01732050807568879,0.28697347270250534,0.3730265272974947,3.0,0.7766666666666667,0.015275252316519477
treasuryK03_3.png,3D bar chart,0.34,0.0,0.34,0.34,3.0,0.82,0.0
economist_daily_chart_439.png,grouped horizontal bar chart,0.41,0.017320508075688756,0.3669734727025054,0.45302652729749454,3.0,0.7933333333333333,0.0057735026918962545
whoK06_2.png,pie chart,0.42,0.0,0.42,0.42,3.0,0.7966666666666667,0.0057735026918962545
economist_daily_chart_99.png,choropleth world map,0.56,0.0,0.56,0.56,3.0,0.8099999999999999,0.017320508075688763
whoK23_2.png,stacked bar chart,0.42,0.0,0.42,0.42,3.0,0.7833333333333333,0.0057735026918962545
economist_daily_chart_240.png,multi-series line chart,0.42,0.0,0.42,0.42,3.0,0.7933333333333333,0.0057735026918962545
treasuryL11_2.png,pie chart,0.3566666666666667,0.028867513459481284,0.28495578783750897,0.4283775454958244,3.0,0.8133333333333334,0.011547005383792478
whoO06_2.png,horizontal stacked bar chart,0.3566666666666667,0.02886751345948128,0.28495578783750897,0.4283775454958244,3.0,0.7933333333333333,0.0057735026918962545
v490_n7420_13_f4.png,multi-series line chart,0.41,0.017320508075688756,0.3669734727025054,0.45302652729749454,3.0,0.7866666666666667,0.011547005383792535
economist_daily_chart_215.png,choropleth world map,0.52,0.0,0.52,0.52,3.0,0.7833333333333333,0.0057735026918962545
economist_daily_chart_75.png,horizontal bar chart,0.34,0.0,0.34,0.34,3.0,0.7999999999999999,0.017320508075688707
treasuryK03_2.png,3D bar chart,0.34,0.0,0.34,0.34,3.0,0.7999999999999999,0.017320508075688676
wsj28.png,segmented bar chart,0.34,0.0,0.34,0.34,3.0,0.7833333333333333,0.0057735026918962545
economist_daily_chart_449.png,horizontal bar chart,0.42,0.0,0.42,0.42,3.0,0.79,0.0
treasuryG07_2.png,line chart,0.34,0.0,0.34,0.34,3.0,0.8099999999999999,0.017320508075688707
economist_daily_chart_165.png,stacked horizontal bar chart,0.4000000000000001,0.01732050807568876,0.3569734727025055,0.44302652729749464,3.0,0.7933333333333333,0.011547005383792509
v486_n7404_9_f2.png,multi-series line chart,0.32,0.017320508075688787,0.27697347270250533,0.3630265272974947,3.0,0.8066666666666666,0.023094010767584956
economist_daily_chart_491.png,horizontal stacked bar chart,0.3566666666666667,0.02886751345948128,0.28495578783750897,0.4283775454958244,3.0,0.7933333333333333,0.0057735026918962545
treasuryI02_1.png,dual-axis combination chart,0.34,0.0,0.34,0.34,3.0,0.7933333333333333,0.0057735026918962545
wsj262.png,line chart,0.58,0.0,0.58,0.58,3.0,0.8000000000000002,0.0
economist_daily_chart_392.png,horizontal bar chart,0.43333333333333335,0.023094010767585053,0.37596463027000715,0.49070203639665955,3.0,0.7866666666666667,0.0057735026918962545
wsj108.png,line chart,0.43333333333333335,0.023094010767585053,0.37596463027000715,0.49070203639665955,3.0,0.79,0.010000000000000009
v485_n7397_6_f4.png,multi-series log-log line chart with scatter points and error bars,0.3833333333333333,0.04041451884327378,0.28293810297251254,0.48372856369415407,3.0,0.79,0.010000000000000009
v485_n7400_14_f2.png,scatter plot,0.5,0.034641016151377546,0.41394694540501076,0.5860530545949892,3.0,0.7833333333333333,0.0057735026918962545
treasuryB15.png,scatter plot,0.42,0.0,0.42,0.42,3.0,0.7833333333333333,0.0057735026918962545
whoK17_1.png,bar chart,0.3566666666666667,0.02886751345948128,0.28495578783750897,0.4283775454958244,3.0,0.79,0.0
v486_n7404_20_f6.png,scatter plot with error bars,0.34,0.0,0.34,0.34,3.0,0.79,0.0
economist_daily_chart_390.png,multi-series line chart,0.42,0.0,0.42,0.42,3.0,0.79,0.0
wsj170.png,annotated line chart,0.5733333333333334,0.011547005383792462,0.5446489818016704,0.6020176848649963,3.0,0.79,0.0
v484_n7393_6_f4.png,line chart,0.2733333333333334,0.028867513459481284,0.20162245450417568,0.34504421216249104,3.0,0.84,0.0
economist_daily_chart_5.png,horizontal bar chart,0.38999999999999996,6.798699777552591e-17,0.3899999999999998,0.3900000000000001,3.0,0.7933333333333333,0.011547005383792535
wsj405.png,annotated line chart,0.56,0.03464101615137751,0.4739469454050109,0.6460530545949892,3.0,0.7833333333333333,0.011547005383792535
treasuryK06.png,grouped bar chart,0.34,0.0,0.34,0.34,3.0,0.7966666666666667,0.0057735026918962545
economist_daily_chart_187.png,horizontal bar chart,0.42,0.0,0.42,0.42,3.0,0.7933333333333333,0.0057735026918962545
economist_daily_chart_103.png,grouped bar chart,0.42,0.0,0.42,0.42,3.0,0.8000000000000002,0.0
whoI11_1.png,3D bar chart,0.31,0.0,0.31,0.31,3.0,0.82,0.0
treasuryA10.png,line chart,0.42,0.0,0.42,0.42,3.0,0.8133333333333334,0.02309401076758497
treasuryL16.png,grouped bar chart,0.34,0.0,0.34,0.34,3.0,0.8099999999999999,0.017320508075688763
economist_daily_chart_380.png,line chart,0.34,0.0,0.34,0.34,3.0,0.7999999999999999,0.017320508075688707
v490_n7418_12_f1.png,scatter plot with error bars,0.33,0.01732050807568879,0.28697347270250534,0.3730265272974947,3.0,0.79,0.0
whoJ40_1.png,horizontal stacked bar chart,0.34,0.0,0.34,0.34,3.0,0.79,0.0
economist_daily_chart_54.png,pictogram dot plot,0.62,0.0,0.62,0.62,3.0,0.8266666666666667,0.023094010767584956
wsj294.png,scatter plot,0.6066666666666666,0.02309401076758505,0.5492979636033404,0.6640353697299928,3.0,0.8366666666666666,0.0057735026918962545
wsj167.png,area chart,0.42,0.0,0.42,0.42,3.0,0.7966666666666667,0.005773502691896279
whoK04_2.png,bar chart,0.42,0.0,0.42,0.42,3.0,0.79,0.0
treasuryL03_2.png,pie chart,0.4000000000000001,0.01732050807568876,0.3569734727025055,0.44302652729749464,3.0,0.8099999999999999,0.017320508075688763
wsj277.png,mirrored bar chart,0.42,0.0,0.42,0.42,3.0,0.79,0.0
whoB03_1.png,horizontal stacked bar chart,0.34,0.0,0.34,0.34,3.0,0.79,0.0
economist_daily_chart_430.png,multi-series line chart,0.3566666666666667,0.02886751345948128,0.28495578783750897,0.4283775454958244,3.0,0.82,0.0
wsj474.png,pie chart,0.5266666666666667,0.057735026918962595,0.3832449090083513,0.6700884243249822,3.0,0.79,0.0
wsj508.png,line chart,0.6066666666666666,0.02309401076758505,0.5492979636033404,0.6640353697299928,3.0,0.8366666666666666,0.0057735026918962545
wsj54.png,line chart,0.42,0.0,0.42,0.42,3.0,0.8133333333333334,0.023094010767584987
v490_n7418_1_f2.png,comparative gene cluster schematic,0.42,0.0,0.42,0.42,3.0,0.7766666666666667,0.015275252316519468
treasuryG06_2.png,grouped bar chart,0.33,0.017320508075688787,0.28697347270250534,0.3730265272974947,3.0,0.8066666666666666,0.02886751345948121
wsj533.png,connected dot plot,0.58,0.0,0.58,0.58,3.0,0.79,0.0
wsj459.png,diverging bar chart,0.4466666666666667,0.023094010767585053,0.3892979636033405,0.504035369729993,3.0,0.79,0.0
whoB24_1.png,strip plot,0.42,0.0,0.42,0.42,3.0,0.7933333333333333,0.0057735026918962545
v487_n7405_7_f1.png,multi-series scatter plot with error bars,0.34,0.0,0.34,0.34,3.0,0.7999999999999999,0.017320508075688707
economist_daily_chart_69.png,multi-series line chart,0.38333333333333336,0.04041451884327378,0.28293810297251265,0.48372856369415407,3.0,0.8099999999999999,0.017320508075688718
economist_daily_chart_406.png,choropleth world map,0.5666666666666668,0.011547005383792462,0.5379823151350038,0.5953510181983297,3.0,0.7966666666666667,0.005773502691896279
visMost132.png,radial dot plot,0.8066666666666666,0.023094010767584987,0.7492979636033406,0.8640353697299927,3.0,0.88,0.0
v486_n7401_8_f1.png,multi-panel line chart,0.34,0.0,0.34,0.34,3.0,0.79,0.0
whoJ40_2.png,pie chart,0.4666666666666666,0.05033222956847168,0.34163447707915107,0.5916988562541822,3.0,0.79,0.0
visMost143.png,diverging bar chart,0.56,0.03464101615137751,0.4739469454050109,0.6460530545949892,3.0,0.7966666666666667,0.0057735026918962545
economist_daily_chart_116.png,stacked area chart,0.42,0.0,0.42,0.42,3.0,0.7966666666666667,0.0057735026918962545
treasuryG02_2.png,stacked bar chart,0.34,0.0,0.34,0.34,3.0,0.7999999999999999,0.017320508075688676
v488_n7412_1_f4.png,line chart,0.31,0.0,0.31,0.31,3.0,0.82,0.0
v488_n7410_15_f3.png,phylogenetic tree,0.42,0.0,0.42,0.42,3.0,0.7833333333333333,0.0057735026918962545
v487_n7405_21_f2.png,line chart,0.41,0.017320508075688756,0.3669734727025054,0.45302652729749454,3.0,0.7866666666666667,0.0057735026918962545
whoI12_2.png,3D bar chart,0.32,0.01732050807568879,0.27697347270250533,0.3630265272974947,3.0,0.7933333333333333,0.0057735026918962545
wsj11.png,grouped horizontal bar chart,0.42,0.0,0.42,0.42,3.0,0.8033333333333333,0.015275252316519413
wsj259.png,radial line chart,0.7200000000000001,1.3597399555105182e-16,0.7199999999999998,0.7200000000000004,3.0,0.84,0.0
wsj172.png,grouped vertical bar chart,0.4666666666666666,0.05033222956847168,0.34163447707915107,0.5916988562541822,3.0,0.7966666666666667,0.0057735026918962545
wsj135.png,grouped bar chart,0.54,0.06928203230275505,0.36789389081002166,0.7121061091899784,3.0,0.7999999999999999,0.017320508075688707
whoI19.png,multi-series line chart,0.33,0.017320508075688787,0.28697347270250534,0.3730265272974947,3.0,0.7999999999999999,0.017320508075688676
v487_n7408_15_f3.png,grouped bar chart with error bars,0.3033333333333333,0.011547005383792525,0.2746489818016702,0.3320176848649964,3.0,0.82,0.0
v488_n7412_9_f1.png,proportional symbol map,0.5266666666666667,0.0923760430703401,0.29719185441336216,0.7561414789199713,3.0,0.7799999999999999,0.017320508075688787
wsj481.png,diverging horizontal bar chart,0.41,0.017320508075688756,0.3669734727025054,0.45302652729749454,3.0,0.8066666666666666,0.011547005383792478
vis673.png,chord diagram,0.6866666666666665,0.05773502691896257,0.5432449090083511,0.830088424324982,3.0,0.8233333333333333,0.028867513459481298
v485_n7397_15_f1.png,node-link network diagram,0.37333333333333335,0.02886751345948128,0.3016224545041757,0.445044212162491,3.0,0.7766666666666667,0.015275252316519477
economist_daily_chart_85.png,horizontal bar chart,0.41,0.017320508075688756,0.3669734727025054,0.45302652729749454,3.0,0.7799999999999999,0.010000000000000009
vis564.png,pictogram chart,0.7200000000000001,1.3597399555105182e-16,0.7199999999999998,0.7200000000000004,3.0,0.84,0.0
wsj9.png,horizontal grouped bar chart,0.48,0.034641016151377546,0.39394694540501074,0.5660530545949892,3.0,0.79,0.0
economist_daily_chart_454.png,diverging horizontal bar chart,0.41,0.017320508075688756,0.3669734727025054,0.45302652729749454,3.0,0.7866666666666667,0.0057735026918962545
treasuryD05_1.png,waterfall chart,0.37333333333333335,0.028867513459481284,0.3016224545041757,0.445044212162491,3.0,0.82,0.0
v488_n7413_3_f2.png,multi-panel stratigraphic time-series plot,0.42,0.0,0.42,0.42,3.0,0.7666666666666666,0.011547005383792535
economist_daily_chart_35.png,dumbbell chart,0.49333333333333335,0.057735026918962595,0.3499115756750179,0.6367550909916488,3.0,0.7833333333333333,0.011547005383792535
whoQ26.png,point map,0.42,0.0,0.42,0.42,3.0,0.79,0.0
v484_n7394_5_f5.png,shaded region plot,0.31,0.0,0.31,0.31,3.0,0.79,0.0
visMost240.png,radial mind map,0.7266666666666666,0.011547005383792525,0.6979823151350034,0.7553510181983297,3.0,0.84,0.0
wsj359.png,annotated line chart,0.5866666666666668,0.030550504633038912,0.5107750059947317,0.6625583273386019,3.0,0.8099999999999999,0.017320508075688763
economist_daily_chart_520.png,dual-axis bar-and-line chart,0.42,0.0,0.42,0.42,3.0,0.7966666666666667,0.0057735026918962545
economist_daily_chart_53.png,event timeline matrix,0.42,0.0,0.42,0.42,3.0,0.7833333333333333,0.0057735026918962545
v485_n7399_9_f2.png,energy band diagram,0.42,0.0,0.42,0.42,3.0,0.7833333333333333,0.0057735026918962545
whoB05_1.png,stacked area chart,0.3566666666666667,0.02886751345948128,0.28495578783750897,0.4283775454958244,3.0,0.8033333333333333,0.01527525231651945
wsj220.png,bar chart,0.42,0.0,0.42,0.42,3.0,0.7933333333333333,0.005773502691896279
economist_daily_chart_110.png,choropleth map,0.58,0.0,0.58,0.58,3.0,0.8033333333333333,0.01527525231651942
wsj540.png,annotated dot plot,0.58,0.0,0.58,0.58,3.0,0.8133333333333334,0.023094010767585018
wsj360.png,grouped horizontal bar chart,0.62,0.0,0.62,0.62,3.0,0.8133333333333334,0.023094010767585018
treasuryK05_1.png,3D pie chart,0.37333333333333335,0.02886751345948128,0.3016224545041757,0.445044212162491,3.0,0.8033333333333333,0.015275252316519444
economist_daily_chart_516.png,grouped horizontal bar chart,0.39999999999999997,0.017320508075688756,0.3569734727025054,0.44302652729749453,3.0,0.79,0.010000000000000009
wsj176.png,bar chart with overlaid line chart,0.42,0.0,0.42,0.42,3.0,0.7933333333333333,0.0057735026918962545
wsj521.png,horizontal bar chart,0.4466666666666667,0.023094010767585053,0.3892979636033405,0.504035369729993,3.0,0.79,0.0
economist_daily_chart_48.png,choropleth map,0.6933333333333334,0.023094010767584987,0.6359646302700073,0.7507020363966594,3.0,0.84,0.0
wsj286.png,timeline infographic,0.7200000000000001,1.3597399555105182e-16,0.7199999999999998,0.7200000000000004,3.0,0.84,0.0
visMost374.png,thematic world map,0.7266666666666666,0.011547005383792525,0.6979823151350034,0.7553510181983297,3.0,0.84,0.0
vis87.png,choropleth map,0.5666666666666668,0.011547005383792462,0.5379823151350038,0.5953510181983297,3.0,0.7933333333333333,0.0057735026918962545
v483_n7391_8_f1.png,line chart,0.27,0.02645751311064591,0.20427589392271572,0.3357241060772843,3.0,0.82,0.0
economist_daily_chart_153.png,stacked area chart,0.41,0.017320508075688756,0.3669734727025054,0.45302652729749454,3.0,0.7966666666666667,0.005773502691896279
whoK19_1.png,stacked area chart,0.42,0.0,0.42,0.42,3.0,0.79,0.0
economist_daily_chart_89.png,thematic map,0.5933333333333333,0.023094010767585053,0.5359646302700071,0.6507020363966595,3.0,0.8133333333333334,0.023094010767585018
wsj271.png,vertical bar chart,0.5333333333333333,0.06429100507328635,0.3736256231044509,0.6930410435622157,3.0,0.8266666666666667,0.011547005383792509
wsj392.png,treemap-style area chart,0.5333333333333333,0.023094010767585053,0.4759646302700071,0.5907020363966595,3.0,0.79,0.010000000000000009
visMost271.png,thematic world map,0.8533333333333334,0.011547005383792525,0.8246489818016702,0.8820176848649965,3.0,0.9,0.0
wsj462.png,choropleth map,0.6066666666666666,0.02309401076758505,0.5492979636033404,0.6640353697299928,3.0,0.7933333333333333,0.005773502691896279
economist_daily_chart_416.png,dual-axis bar-and-line combo chart,0.42,0.0,0.42,0.42,3.0,0.7866666666666667,0.0057735026918962545
v485_n7400_14_f1.png,geological map,0.42,0.0,0.42,0.42,3.0,0.79,0.0
v483_n7388_11_f2.png,grouped bar chart,0.25666666666666665,0.028867513459481284,0.18495578783750896,0.3283775454958243,3.0,0.8333333333333334,0.011547005383792509
whoI11_2.png,stacked histogram,0.32,0.01732050807568879,0.27697347270250533,0.3630265272974947,3.0,0.7999999999999999,0.017320508075688724
economist_daily_chart_124.png,choropleth map,0.64,0.034641016151377574,0.5539469454050107,0.7260530545949894,3.0,0.84,0.0
wsj270.png,line chart,0.56,0.03464101615137751,0.4739469454050109,0.6460530545949892,3.0,0.7966666666666667,0.005773502691896279
treasuryB10.png,diverging 3D bar chart,0.54,0.03464101615137751,0.4539469454050109,0.6260530545949892,3.0,0.7799999999999999,0.017320508075688787
vis230.png,butterfly chart,0.5866666666666668,0.05773502691896257,0.4432449090083514,0.7300884243249821,3.0,0.79,0.0
economist_daily_chart_317.png,choropleth map,0.42,0.0,0.42,0.42,3.0,0.79,0.0
v487_n7406_13_f2.png,PCA scatter plot,0.6933333333333334,0.023094010767584987,0.6359646302700073,0.7507020363966594,3.0,0.8266666666666667,0.011547005383792535
wsj340.png,donut chart,0.5,0.034641016151377546,0.41394694540501076,0.5860530545949892,3.0,0.79,0.0
v484_n7395_11_f1.png,thematic map,0.41,0.017320508075688756,0.3669734727025054,0.45302652729749454,3.0,0.7833333333333333,0.0057735026918962545
wsj529.png,grouped horizontal bar chart,0.6066666666666666,0.02309401076758505,0.5492979636033404,0.6640353697299928,3.0,0.8233333333333333,0.028867513459481298
vis409.png,infographic,0.7266666666666666,0.011547005383792525,0.6979823151350034,0.7553510181983297,3.0,0.8366666666666666,0.0057735026918962545
visMost357.png,annotated pie chart,0.82,0.0,0.82,0.82,3.0,0.8866666666666667,0.011547005383792535
wsj55.png,stacked bar chart,0.42,0.0,0.42,0.42,3.0,0.7866666666666667,0.0057735026918962545
v484_n7394_10_f4.png,annotated multi-series line chart,0.42,0.0,0.42,0.42,3.0,0.7733333333333334,0.011547005383792535
wsj316.png,annotated line chart,0.7799999999999999,1.3597399555105182e-16,0.7799999999999996,0.7800000000000002,3.0,0.87,0.0
visMost376.png,pictorial proportional area chart,0.8833333333333333,0.005773502691896262,0.8689911575675018,0.8976755090991648,3.0,0.92,0.017320508075688787
wsj144.png,flow map,0.64,0.034641016151377574,0.5539469454050107,0.7260530545949894,3.0,0.8266666666666667,0.023094010767584987
vis618.png,choropleth map,0.64,0.034641016151377574,0.5539469454050107,0.7260530545949894,3.0,0.8233333333333333,0.0208166599946613
visMost187.png,bubble chart,0.7200000000000001,1.3597399555105182e-16,0.7199999999999998,0.7200000000000004,3.0,0.84,0.0
visMost505.png,bubble chart,0.7933333333333333,0.046188021535170036,0.678595927206681,0.9080707394599856,3.0,0.8866666666666667,0.023094010767585042
economist_daily_chart_129.png,annotated line chart,0.46,0.0,0.46,0.46,3.0,0.8099999999999999,0.017320508075688763
visMost420.png,donut chart,0.7266666666666666,0.011547005383792525,0.6979823151350034,0.7553510181983297,3.0,0.84,0.0
v486_n7403_19_f2.png,oncoprint,0.34,0.0,0.34,0.34,3.0,0.79,0.0
vis853.png,proportional symbol map,0.8333333333333334,0.011547005383792525,0.8046489818016702,0.8620176848649965,3.0,0.88,0.0
visMost190.png,annotated scatter plot,0.8066666666666666,0.023094010767584987,0.7492979636033406,0.8640353697299927,3.0,0.89,0.017320508075688787
visMost537.png,relationship network diagram,0.7666666666666666,0.02309401076758505,0.7092979636033404,0.8240353697299928,3.0,0.8566666666666666,0.015275252316519477
v489_n7416_15_f2.png,scatter plot,0.29,0.0,0.29,0.29,3.0,0.8266666666666667,0.011547005383792535
economist_daily_chart_202.png,scatter plot,0.37333333333333335,0.02886751345948128,0.3016224545041757,0.445044212162491,3.0,0.7966666666666667,0.0057735026918962545
v485_n7400_15_f2.png,bar chart,0.66,0.034641016151377574,0.5739469454050107,0.7460530545949894,3.0,0.8099999999999999,0.017320508075688763
v489_n7415_12_f5.png,horizontal bar chart,0.41,0.017320508075688756,0.3669734727025054,0.45302652729749454,3.0,0.7866666666666667,0.0057735026918962545
wsj511.png,thematic map,0.5666666666666668,0.011547005383792462,0.5379823151350038,0.5953510181983297,3.0,0.7933333333333333,0.0057735026918962545
wsj292.png,stacked bar chart,0.4466666666666667,0.023094010767585053,0.3892979636033405,0.504035369729993,3.0,0.7866666666666667,0.0057735026918962545
v483_n7390_8_f1.png,annotated line chart,0.42,0.0,0.42,0.42,3.0,0.79,0.0
wsj99.png,thematic map,0.7200000000000001,1.3597399555105182e-16,0.7199999999999998,0.7200000000000004,3.0,0.84,0.0
wsj162.png,diverging bar chart,0.62,0.0,0.62,0.62,3.0,0.7966666666666667,0.0057735026918962545
visMost601.png,multi-series line chart,0.7799999999999999,1.3597399555105182e-16,0.7799999999999996,0.7800000000000002,3.0,0.87,0.0
visMost147.png,proportional symbol map,0.7266666666666666,0.011547005383792525,0.6979823151350034,0.7553510181983297,3.0,0.84,0.0
v486_n7401_8_f2.png,thematic heat map,0.52,0.08717797887081348,0.3034378950528388,0.7365621049471612,3.0,0.7933333333333333,0.005773502691896279
economist_daily_chart_45.png,pictogram dot plot,0.5933333333333333,0.023094010767585053,0.5359646302700071,0.6507020363966595,3.0,0.7933333333333333,0.0057735026918962545
visMost77.png,mind map,0.82,0.0,0.82,0.82,3.0,0.9,0.0
economist_daily_chart_219.png,proportional symbol map,0.64,0.03464101615137758,0.5539469454050107,0.7260530545949894,3.0,0.8033333333333333,0.01527525231651942
economist_daily_chart_475.png,flow map,0.7200000000000001,1.3597399555105182e-16,0.7199999999999998,0.7200000000000004,3.0,0.84,0.0
v483_n7388_14_f3.png,scatter plot,0.32,0.017320508075688787,0.27697347270250533,0.3630265272974947,3.0,0.79,0.010000000000000009
visMost92.png,annotated timeline,0.82,0.0,0.82,0.82,3.0,0.9,0.0
visMost468.png,deadline timeline chart,0.7266666666666666,0.011547005383792525,0.6979823151350034,0.7553510181983297,3.0,0.84,0.0
v483_n7391_1_f1.png,annotated topographic map,0.6066666666666666,0.02309401076758505,0.5492979636033404,0.6640353697299928,3.0,0.7933333333333333,0.005773502691896279
vis734.png,heatmap,0.66,0.034641016151377574,0.5739469454050107,0.7460530545949894,3.0,0.8099999999999999,0.017320508075688763
vis278.png,dot distribution map,0.7200000000000001,1.3597399555105182e-16,0.7199999999999998,0.7200000000000004,3.0,0.84,0.0
wsj21.png,bubble timeline,0.64,0.0721110255092798,0.46086628209940805,0.819133717900592,3.0,0.7999999999999999,0.017320508075688724
v486_n7403_1_f8.png,overlaid histogram,0.34,0.0,0.34,0.34,3.0,0.8099999999999999,0.017320508075688707
wsj593.png,horizontal bar chart,0.5333333333333333,0.023094010767585053,0.4759646302700071,0.5907020363966595,3.0,0.7999999999999999,0.017320508075688724
visMost635.png,bubble map,0.5733333333333334,0.011547005383792462,0.5446489818016704,0.6020176848649963,3.0,0.8033333333333333,0.01527525231651942
vis586.png,time-series line chart,0.7066666666666667,0.023094010767584987,0.6492979636033406,0.7640353697299928,3.0,0.84,0.0
v489_n7416_3_f4.png,annotated heatmap,0.5733333333333334,0.05033222956847165,0.44830114374581786,0.6983655229208489,3.0,0.7866666666666667,0.015275252316519494
v490_n7418_14_f2.png,phylogenetic tree,0.33,0.01732050807568879,0.28697347270250534,0.3730265272974947,3.0,0.8099999999999999,0.017320508075688718
visMost575.png,comparison matrix infographic,0.7200000000000001,1.3597399555105182e-16,0.7199999999999998,0.7200000000000004,3.0,0.8333333333333334,0.011547005383792509
v490_n7419_11_f1.png,thematic map,0.7200000000000001,1.3597399555105182e-16,0.7199999999999998,0.7200000000000004,3.0,0.84,0.0
wsj553.png,pictogram chart,0.7066666666666667,0.023094010767584987,0.6492979636033406,0.7640353697299928,3.0,0.84,0.0
vis630.png,infographic,0.7066666666666667,0.023094010767584987,0.6492979636033406,0.7640353697299928,3.0,0.8066666666666666,0.028867513459481256
vis625.png,infographic pie chart,0.7333333333333334,0.011547005383792525,0.7046489818016702,0.7620176848649965,3.0,0.84,0.0
vis697.png,proportional symbol map,0.8066666666666666,0.023094010767584987,0.7492979636033406,0.8640353697299927,3.0,0.8766666666666666,0.0057735026918962545
wsj20.png,annotated trajectory map,0.7466666666666667,0.03055050463303896,0.6707750059947314,0.822558327338602,3.0,0.85,0.017320508075688787
vis399.png,circular network diagram,0.6533333333333333,0.05773502691896256,0.5099115756750179,0.7967550909916488,3.0,0.8066666666666666,0.02886751345948121
wsj226.png,pictorial bar chart,0.64,0.03464101615137758,0.5539469454050107,0.7260530545949894,3.0,0.8333333333333334,0.011547005383792509
wsj395.png,annotated line chart,0.5,0.06928203230275505,0.3278938908100216,0.6721061091899784,3.0,0.7999999999999999,0.017320508075688676
v486_n7404_6_f1.png,heatmap,0.33,0.017320508075688787,0.28697347270250534,0.3730265272974947,3.0,0.79,0.0
np_7.png,timeline infographic,0.82,0.0,0.82,0.82,3.0,0.88,0.0
wsj441.png,choropleth map,0.61,0.02645751311064593,0.5442758939227157,0.6757241060772843,3.0,0.8166666666666668,0.025166114784235794
wsj557.png,lollipop chart,0.7533333333333333,0.023094010767585053,0.6959646302700071,0.8107020363966595,3.0,0.8466666666666667,0.011547005383792535
economist_daily_chart_521.png,multi-series line chart,0.39999999999999997,0.017320508075688756,0.3569734727025054,0.44302652729749453,3.0,0.7866666666666667,0.011547005383792535
np_48.png,packed bubble chart,0.7266666666666666,0.011547005383792525,0.6979823151350034,0.7553510181983297,3.0,0.84,0.0
economist_daily_chart_493.png,choropleth map,0.54,0.03464101615137751,0.4539469454050109,0.6260530545949892,3.0,0.7799999999999999,0.010000000000000009
visMost108.png,3D radial bar chart,0.7333333333333334,0.011547005383792525,0.7046489818016702,0.7620176848649965,3.0,0.84,0.0
visMost282.png,multi-level radial bar chart,0.7200000000000001,1.3597399555105182e-16,0.7199999999999998,0.7200000000000004,3.0,0.84,0.0
wsj184.png,annotated line chart infographic,0.82,0.0,0.82,0.82,3.0,0.8866666666666667,0.011547005383792535
vis250.png,grouped bar chart,0.7533333333333333,0.023094010767585053,0.6959646302700071,0.8107020363966595,3.0,0.85,0.017320508075688787
vis729.png,infographic,0.7333333333333334,0.011547005383792525,0.7046489818016702,0.7620176848649965,3.0,0.84,0.0
whoL11.png,thematic world map,0.7200000000000001,1.3597399555105182e-16,0.7199999999999998,0.7200000000000004,3.0,0.84,0.0
visMost54.png,radial timeline,0.8333333333333334,0.011547005383792525,0.8046489818016702,0.8620176848649965,3.0,0.9,0.0
vis286.png,dot density world map,0.4000000000000001,0.01732050807568876,0.3569734727025055,0.44302652729749464,3.0,0.7600000000000001,0.0
economist_daily_chart_268.png,pictogram chart,0.5933333333333333,0.023094010767585053,0.5359646302700071,0.6507020363966595,3.0,0.8033333333333333,0.015275252316519413
wsj52.png,line chart,0.8066666666666666,0.023094010767584987,0.7492979636033406,0.8640353697299927,3.0,0.89,0.010000000000000009
visMost523.png,geospatial point map,0.88,0.0,0.88,0.88,3.0,0.9066666666666667,0.005773502691896279
np_21.png,radial infographic,0.8333333333333334,0.011547005383792525,0.8046489818016702,0.8620176848649965,3.0,0.88,0.0
wsj129.png,pictorial bar chart,0.6933333333333334,0.023094010767584987,0.6359646302700073,0.7507020363966594,3.0,0.84,0.0
visMost55.png,pictorial bar chart,0.7333333333333334,0.011547005383792525,0.7046489818016702,0.7620176848649965,3.0,0.8466666666666667,0.011547005383792535
wsj299.png,horizontal bar chart,0.8266666666666667,0.011547005383792525,0.7979823151350035,0.8553510181983298,3.0,0.89,0.0
visMost83.png,heatmap,0.5933333333333333,0.023094010767585053,0.5359646302700071,0.6507020363966595,3.0,0.8166666666666668,0.025166114784235794
vis67.png,radial phylogenetic tree,0.8066666666666666,0.023094010767584987,0.7492979636033406,0.8640353697299927,3.0,0.8766666666666666,0.0057735026918962545
wsj536.png,vertical bar chart,0.64,0.034641016151377574,0.5539469454050107,0.7260530545949894,3.0,0.8233333333333333,0.02886751345948125
wsj264.png,vertical bar chart,0.7666666666666666,0.02309401076758505,0.7092979636033404,0.8240353697299928,3.0,0.85,0.017320508075688787
v488_n7411_9_f1.png,thematic heat map,0.4533333333333333,0.057735026918962595,0.30991157567501787,0.5967550909916488,3.0,0.7799999999999999,0.0
visMost745.png,pictorial mountain comparison infographic,0.7399999999999999,1.3597399555105182e-16,0.7399999999999995,0.7400000000000002,3.0,0.84,0.0
v488_n7412_8_f1.png,thematic point map,0.56,0.03464101615137751,0.4739469454050109,0.6460530545949892,3.0,0.7933333333333333,0.0057735026918962545
vis768.png,bubble scatterplot,0.5733333333333334,0.011547005383792462,0.5446489818016704,0.6020176848649963,3.0,0.7833333333333333,0.011547005383792535
whoI22.png,vertical bar chart,0.34,0.0,0.34,0.34,3.0,0.79,0.0
v484_n7392_14_f3.png,phylogenetic tree,0.7333333333333334,0.011547005383792525,0.7046489818016702,0.7620176848649965,3.0,0.8466666666666667,0.011547005383792535
vis652.png,pictogram infographic,0.7266666666666666,0.011547005383792525,0.6979823151350034,0.7553510181983297,3.0,0.84,0.0
vis678.png,diverging bar chart,0.8333333333333334,0.011547005383792525,0.8046489818016702,0.8620176848649965,3.0,0.9,0.0
vis831.png,pictogram chart,0.84,0.0,0.84,0.84,3.0,0.89,0.010000000000000009
