imageName,vc,mem
whoJ40_2.png,0.28,1.180974897
wsj392.png,0.319,1.485630723
whoQ42_1.png,0.333,0.713893271
visMost55.png,0.382,2.693986617
vis250.png,0.391,2.337578939
wsj55.png,0.435,1.619856259
economist_daily_chart_430.png,0.441,1.096713151
wsj129.png,0.482,2.672951409
economist_daily_chart_454.png,0.495,1.297646957
treasuryB15.png,0.502,0.9566204385
v485_n7399_9_f2.png,0.504,1.369658809
economist_daily_chart_219.png,0.508,1.910181717
whoK23_2.png,0.543,0.8278498217
vis697.png,0.549,2.040186342
visMost147.png,0.588,1.86561657
economist_daily_chart_390.png,0.591,0.969627308
vis678.png,0.653,4.007825841
visMost77.png,0.684,1.877748915
treasuryB04.png,0.689,0.6212375157
v490_n7419_11_f1.png,0.728,2.016278256
