imageName,imageURL,gt_score_raw,gt_score,n_participants
vis01.png,_external/beauvis/03_EFA/images/vis01.png,3.978260869565217,0.5156931818917487,184
vis02.png,_external/beauvis/03_EFA/images/vis02.png,5.296907216494849,1.0,194
vis03.png,_external/beauvis/03_EFA/images/vis03.png,5.234146341463415,0.9769494529303198,205
vis04.png,_external/beauvis/03_EFA/images/vis04.png,4.74639175257732,0.7978090234200497,194
vis05.png,_external/beauvis/03_EFA/images/vis05.png,3.6698113207547185,0.4024071443736773,212
vis06.png,_external/beauvis/03_EFA/images/vis06.png,4.5908256880733935,0.7406733813421362,218
vis07.png,_external/beauvis/03_EFA/images/vis07.png,3.488888888888888,0.3359587236084218,189
vis08.png,_external/beauvis/03_EFA/images/vis08.png,3.504663212435233,0.341752250024605,193
vis09.png,_external/beauvis/03_EFA/images/vis09.png,2.5741573033707867,0.0,178
vis10.png,_external/beauvis/03_EFA/images/vis10.png,3.194312796208531,0.22776807001205,211
vis11.png,_external/beauvis/03_EFA/images/vis11.png,4.01855670103093,0.5304928633724024,194
vis12.png,_external/beauvis/03_EFA/images/vis12.png,4.527093596059111,0.7172661298325195,203
vis13.png,_external/beauvis/03_EFA/images/vis13.png,4.229319371727748,0.607900880054695,191
vis14.png,_external/beauvis/03_EFA/images/vis14.png,3.539698492462311,0.3546198585619161,199
vis15.png,_external/beauvis/03_EFA/images/vis15.png,3.9432835820895518,0.502846872611903,201
