imageName,enjoyable,likable,pleasing,nice,appealing
vis01.png,4.065217391304348,3.9402173913043477,3.847826086956522,4.0271739130434785,4.010869565217392
vis02.png,5.11340206185567,5.402061855670103,5.231958762886598,5.463917525773196,5.27319587628866
vis03.png,5.248780487804878,5.224390243902439,5.258536585365854,5.219512195121951,5.219512195121951
vis04.png,4.768041237113402,4.706185567010309,4.721649484536083,4.731958762886598,4.804123711340206
vis05.png,3.518867924528302,3.849056603773585,3.4245283018867925,3.8726415094339623,3.6839622641509435
vis06.png,4.5504587155963305,4.7110091743119265,4.477064220183486,4.63302752293578,4.58256880733945
vis07.png,3.5185185185185186,3.507936507936508,3.3968253968253967,3.6296296296296298,3.3915343915343916
vis08.png,3.5751295336787563,3.6528497409326426,3.2487046632124352,3.6476683937823835,3.3989637305699483
vis09.png,2.460674157303371,2.6235955056179776,2.4157303370786516,2.6853932584269664,2.6853932584269664
vis10.png,3.175355450236967,3.265402843601896,3.037914691943128,3.175355450236967,3.3175355450236967
vis11.png,4.072164948453608,4.097938144329897,3.8711340206185567,4.170103092783505,3.881443298969072
vis12.png,4.467980295566503,4.512315270935961,4.5073891625615765,4.665024630541872,4.482758620689655
vis13.png,4.2356020942408374,4.267015706806283,4.183246073298429,4.287958115183246,4.172774869109948
vis14.png,3.542713567839196,3.5678391959798996,3.3316582914572863,3.7386934673366836,3.5175879396984926
vis15.png,3.9054726368159205,3.9303482587064678,3.9402985074626864,4.014925373134329,3.925373134328358
