imageName,imageURL,stimulus,gt_score_raw,gt_score,n_participants,understand,layout,dataread,datafeat,split,gt_score_split
previs_development_A.png,data/previs_images/development/previs_development_A.png,A,2.113908179012345,0.35927169492850203,288,2.4502314814814827,2.1412037037037037,2.1799768518518494,1.6783216783216783,development,1.0
previs_development_B.png,data/previs_images/development/previs_development_B.png,B,1.953221450617285,0.33336553891397935,288,2.399305555555554,1.4247685185185184,2.1273148148148153,1.8606271777003485,development,0.9278925771770631
previs_development_C.png,data/previs_images/development/previs_development_C.png,C,1.9272648083623685,0.3291807700124943,287,2.3873403019744472,1.6329849012775846,2.0998838559814175,1.588850174216028,development,0.9162446545587286
previs_development_D.png,data/previs_images/development/previs_development_D.png,D,-0.11452714850773107,0.0,309,0.549083063646171,-0.7319309600863003,-0.31930960086299887,0.04383116883116883,development,0.0
previs_development_E.png,data/previs_images/development/previs_development_E.png,E,0.15808684110731877,0.04395123739992748,293,-0.12214611872146121,0.4749715585893062,0.4476678043230943,-0.15845070422535212,development,0.12233426128566607
previs_development_F.png,data/previs_images/development/previs_development_F.png,F,0.05645620022753124,0.027566192631235522,293,0.8868031854379975,-1.3299203640500565,0.23549488054607504,0.4334470989761092,development,0.07672798336290149
previs_validation_A.png,data/previs_images/validation/previs_validation_A.png,A,6.088119369369367,1.0,148,6.222972972972973,5.941441441441442,6.204954954954956,5.983108108108108,validation,1.0
previs_validation_B.png,data/previs_images/validation/previs_validation_B.png,B,4.260698198198197,0.7053804104579833,148,4.882882882882881,3.213963963963964,4.614864864864866,4.331081081081081,validation,0.3711490021313697
previs_validation_C.png,data/previs_images/validation/previs_validation_C.png,C,3.1821509009009015,0.5314953931208295,148,3.979729729729729,2.1283783783783785,3.346846846846847,3.2736486486486487,validation,0.0
