imageName,imageURL,gt_score,gt_chart_type
whoQ48_5.png,https://raw.githubusercontent.com/c109363/ExperimentImage/main/1800_cut/whoQ48_5.png,0.362,Line
treasuryG05_1.png,https://raw.githubusercontent.com/c109363/ExperimentImage/main/1800_cut/treasuryG05_1.png,0.443,Line
whoQ09_2.png,https://raw.githubusercontent.com/c109363/ExperimentImage/main/1800_cut/whoQ09_2.png,0.446,Bar
whoQ50_2.png,https://raw.githubusercontent.com/c109363/ExperimentImage/main/1800_cut/whoQ50_2.png,0.278,Bar
whoQ51_2.png,https://raw.githubusercontent.com/c109363/ExperimentImage/main/1800_cut/whoQ51_2.png,0.305,Bar
v484_n7394_5_f2.png,https://raw.githubusercontent.com/c109363/ExperimentImage/main/1800_cut/v484_n7394_5_f2.png,0.583,Line
whoQ52_4.png,https://raw.githubusercontent.com/c109363/ExperimentImage/main/1800_cut/whoQ52_4.png,0.461,Area
economist_daily_chart_106.png,https://raw.githubusercontent.com/c109363/ExperimentImage/main/1800_cut/economist_daily_chart_106.png,0.527,Bar
whoN22.png,https://raw.githubusercontent.com/c109363/ExperimentImage/main/1800_cut/whoN22.png,0.566,Area
economist_daily_chart_529.png,https://raw.githubusercontent.com/c109363/ExperimentImage/main/1800_cut/economist_daily_chart_529.png,0.426,Bar;line
whoJ44.png,https://raw.githubusercontent.com/c109363/ExperimentImage/main/1800_cut/whoJ44.png,0.307,Line
whoJ23.png,https://raw.githubusercontent.com/c109363/ExperimentImage/main/1800_cut/whoJ23.png,0.389,Area
whoQ18_3.png,https://raw.githubusercontent.com/c109363/ExperimentImage/main/1800_cut/whoQ18_3.png,0.561,Bar
whoN16_1.png,https://raw.githubusercontent.com/c109363/ExperimentImage/main/1800_cut/whoN16_1.png,0.568,Bar
whoQ48_4.png,https://raw.githubusercontent.com/c109363/ExperimentImage/main/1800_cut/whoQ48_4.png,0.4,Area
whoQ32_2.png,https://raw.githubusercontent.com/c109363/ExperimentImage/main/1800_cut/whoQ32_2.png,0.559,Point
whoQ44_4.png,https://raw.githubusercontent.com/c109363/ExperimentImage/main/1800_cut/whoQ44_4.png,0.516,Area
whoN05.png,https://raw.githubusercontent.com/c109363/ExperimentImage/main/1800_cut/whoN05.png,0.395,Line
economist_daily_chart_66.png,https://raw.githubusercontent.com/c109363/ExperimentImage/main/1800_cut/economist_daily_chart_66.png,0.436,Line
treasuryI01_2.png,https://raw.githubusercontent.com/c109363/ExperimentImage/main/1800_cut/treasuryI01_2.png,0.42,Line
economist_daily_chart_4.png,https://raw.githubusercontent.com/c109363/ExperimentImage/main/1800_cut/economist_daily_chart_4.png,0.545,Bar
wsj308.png,https://raw.githubusercontent.com/c109363/ExperimentImage/main/1800_cut/wsj308.png,0.52,Bar
economist_daily_chart_242.png,https://raw.githubusercontent.com/c109363/ExperimentImage/main/1800_cut/economist_daily_chart_242.png,0.474,Bar;line
whoJ33.png,https://raw.githubusercontent.com/c109363/ExperimentImage/main/1800_cut/whoJ33.png,0.445,Line
economist_daily_chart_258.png,https://raw.githubusercontent.com/c109363/ExperimentImage/main/1800_cut/economist_daily_chart_258.png,0.783,Point
whoK12_2.png,https://raw.githubusercontent.com/c109363/ExperimentImage/main/1800_cut/whoK12_2.png,0.396,Area
whoQ06_2.png,https://raw.githubusercontent.com/c109363/ExperimentImage/main/1800_cut/whoQ06_2.png,0.413,Line
whoJ32.png,https://raw.githubusercontent.com/c109363/ExperimentImage/main/1800_cut/whoJ32.png,0.482,Bar
v483_n7387_5_f1.png,https://raw.githubusercontent.com/c109363/ExperimentImage/main/1800_cut/v483_n7387_5_f1.png,0.713,Line
v488_n7411_6_f4.png,https://raw.githubusercontent.com/c109363/ExperimentImage/main/1800_cut/v488_n7411_6_f4.png,0.621,Line
treasuryB04.png,https://raw.githubusercontent.com/c109363/ExperimentImage/main/1800_cut/treasuryB04.png,0.689,Line
whoQ11_1.png,https://raw.githubusercontent.com/c109363/ExperimentImage/main/1800_cut/whoQ11_1.png,0.668,Line
whoJ48_2.png,https://raw.githubusercontent.com/c109363/ExperimentImage/main/1800_cut/whoJ48_2.png,0.603,Area
whoN32_2.png,https://raw.githubusercontent.com/c109363/ExperimentImage/main/1800_cut/whoN32_2.png,0.303,Bar
whoJ36_2.png,https://raw.githubusercontent.com/c109363/ExperimentImage/main/1800_cut/whoJ36_2.png,0.326,Line
economist_daily_chart_167.png,https://raw.githubusercontent.com/c109363/ExperimentImage/main/1800_cut/economist_daily_chart_167.png,0.426,Bar
whoN21_1.png,https://raw.githubusercontent.com/c109363/ExperimentImage/main/1800_cut/whoN21_1.png,0.341,Bar
whoJ15_1.png,https://raw.githubusercontent.com/c109363/ExperimentImage/main/1800_cut/whoJ15_1.png,0.427,Bar
v487_n7405_6_f4.png,https://raw.githubusercontent.com/c109363/ExperimentImage/main/1800_cut/v487_n7405_6_f4.png,0.532,Line
whoB15_1.png,https://raw.githubusercontent.com/c109363/ExperimentImage/main/1800_cut/whoB15_1.png,0.661,Bar
whoJ36_1.png,https://raw.githubusercontent.com/c109363/ExperimentImage/main/1800_cut/whoJ36_1.png,0.345,Bar
economist_daily_chart_324.png,https://raw.githubusercontent.com/c109363/ExperimentImage/main/1800_cut/economist_daily_chart_324.png,0.459,Bar
wsj612.png,https://raw.githubusercontent.com/c109363/ExperimentImage/main/1800_cut/wsj612.png,0.488,Line
whoB13_2.png,https://raw.githubusercontent.com/c109363/ExperimentImage/main/1800_cut/whoB13_2.png,0.556,Area
whoL06.png,https://raw.githubusercontent.com/c109363/ExperimentImage/main/1800_cut/whoL06.png,0.488,Bar
whoQ42_1.png,https://raw.githubusercontent.com/c109363/ExperimentImage/main/1800_cut/whoQ42_1.png,0.333,Bar
whoB32_1.png,https://raw.githubusercontent.com/c109363/ExperimentImage/main/1800_cut/whoB32_1.png,0.424,Bar
whoQ14_2.png,https://raw.githubusercontent.com/c109363/ExperimentImage/main/1800_cut/whoQ14_2.png,0.457,Bar
whoN23_2.png,https://raw.githubusercontent.com/c109363/ExperimentImage/main/1800_cut/whoN23_2.png,0.374,Bar
whoB25_2.png,https://raw.githubusercontent.com/c109363/ExperimentImage/main/1800_cut/whoB25_2.png,0.54,Line
economist_daily_chart_453.png,https://raw.githubusercontent.com/c109363/ExperimentImage/main/1800_cut/economist_daily_chart_453.png,0.413,Line
whoB20_1.png,https://raw.githubusercontent.com/c109363/ExperimentImage/main/1800_cut/whoB20_1.png,0.596,Bar
whoQ41_1.png,https://raw.githubusercontent.com/c109363/ExperimentImage/main/1800_cut/whoQ41_1.png,0.529,Bar
whoK31.png,https://raw.githubusercontent.com/c109363/ExperimentImage/main/1800_cut/whoK31.png,0.457,Area
v489_n7414_25_f2.png,https://raw.githubusercontent.com/c109363/ExperimentImage/main/1800_cut/v489_n7414_25_f2.png,0.531,Line
treasuryK03_3.png,https://raw.githubusercontent.com/c109363/ExperimentImage/main/1800_cut/treasuryK03_3.png,0.382,Bar
economist_daily_chart_439.png,https://raw.githubusercontent.com/c109363/ExperimentImage/main/1800_cut/economist_daily_chart_439.png,0.489,Bar
economist_daily_chart_99.png,https://raw.githubusercontent.com/c109363/ExperimentImage/main/1800_cut/economist_daily_chart_99.png,0.543,Area
whoK06_2.png,https://raw.githubusercontent.com/c109363/ExperimentImage/main/1800_cut/whoK06_2.png,0.423,Area
economist_daily_chart_240.png,https://raw.githubusercontent.com/c109363/ExperimentImage/main/1800_cut/economist_daily_chart_240.png,0.505,Line
whoK23_2.png,https://raw.githubusercontent.com/c109363/ExperimentImage/main/1800_cut/whoK23_2.png,0.543,Bar
whoO06_2.png,https://raw.githubusercontent.com/c109363/ExperimentImage/main/1800_cut/whoO06_2.png,0.447,Bar
treasuryL11_2.png,https://raw.githubusercontent.com/c109363/ExperimentImage/main/1800_cut/treasuryL11_2.png,0.385,Area
v490_n7420_13_f4.png,https://raw.githubusercontent.com/c109363/ExperimentImage/main/1800_cut/v490_n7420_13_f4.png,0.581,Line
economist_daily_chart_215.png,https://raw.githubusercontent.com/c109363/ExperimentImage/main/1800_cut/economist_daily_chart_215.png,0.489,Area
economist_daily_chart_75.png,https://raw.githubusercontent.com/c109363/ExperimentImage/main/1800_cut/economist_daily_chart_75.png,0.284,Bar
treasuryK03_2.png,https://raw.githubusercontent.com/c109363/ExperimentImage/main/1800_cut/treasuryK03_2.png,0.456,Bar
wsj28.png,https://raw.githubusercontent.com/c109363/ExperimentImage/main/1800_cut/wsj28.png,0.477,Bar
economist_daily_chart_449.png,https://raw.githubusercontent.com/c109363/ExperimentImage/main/1800_cut/economist_daily_chart_449.png,0.461,Bar
treasuryG07_2.png,https://raw.githubusercontent.com/c109363/ExperimentImage/main/1800_cut/treasuryG07_2.png,0.308,Line
economist_daily_chart_165.png,https://raw.githubusercontent.com/c109363/ExperimentImage/main/1800_cut/economist_daily_chart_165.png,0.427,Bar
v486_n7404_9_f2.png,https://raw.githubusercontent.com/c109363/ExperimentImage/main/1800_cut/v486_n7404_9_f2.png,0.729,Line
treasuryI02_1.png,https://raw.githubusercontent.com/c109363/ExperimentImage/main/1800_cut/treasuryI02_1.png,0.51,Bar;Line
economist_daily_chart_491.png,https://raw.githubusercontent.com/c109363/ExperimentImage/main/1800_cut/economist_daily_chart_491.png,0.477,Bar
economist_daily_chart_392.png,https://raw.githubusercontent.com/c109363/ExperimentImage/main/1800_cut/economist_daily_chart_392.png,0.463,Bar
wsj262.png,https://raw.githubusercontent.com/c109363/ExperimentImage/main/1800_cut/wsj262.png,0.381,Line
v485_n7400_14_f2.png,https://raw.githubusercontent.com/c109363/ExperimentImage/main/1800_cut/v485_n7400_14_f2.png,0.823,Point
v485_n7397_6_f4.png,https://raw.githubusercontent.com/c109363/ExperimentImage/main/1800_cut/v485_n7397_6_f4.png,0.699,Line
wsj108.png,https://raw.githubusercontent.com/c109363/ExperimentImage/main/1800_cut/wsj108.png,0.548,Line
treasuryB15.png,https://raw.githubusercontent.com/c109363/ExperimentImage/main/1800_cut/treasuryB15.png,0.502,Point
v486_n7404_20_f6.png,https://raw.githubusercontent.com/c109363/ExperimentImage/main/1800_cut/v486_n7404_20_f6.png,0.672,Point
whoK17_1.png,https://raw.githubusercontent.com/c109363/ExperimentImage/main/1800_cut/whoK17_1.png,0.352,Bar
economist_daily_chart_390.png,https://raw.githubusercontent.com/c109363/ExperimentImage/main/1800_cut/economist_daily_chart_390.png,0.591,Line
wsj170.png,https://raw.githubusercontent.com/c109363/ExperimentImage/main/1800_cut/wsj170.png,0.573,Line
v484_n7393_6_f4.png,https://raw.githubusercontent.com/c109363/ExperimentImage/main/1800_cut/v484_n7393_6_f4.png,0.542,Line
wsj405.png,https://raw.githubusercontent.com/c109363/ExperimentImage/main/1800_cut/wsj405.png,0.512,Line
economist_daily_chart_5.png,https://raw.githubusercontent.com/c109363/ExperimentImage/main/1800_cut/economist_daily_chart_5.png,0.49,Bar
treasuryK06.png,https://raw.githubusercontent.com/c109363/ExperimentImage/main/1800_cut/treasuryK06.png,0.412,Bar
economist_daily_chart_187.png,https://raw.githubusercontent.com/c109363/ExperimentImage/main/1800_cut/economist_daily_chart_187.png,0.542,Bar
economist_daily_chart_103.png,https://raw.githubusercontent.com/c109363/ExperimentImage/main/1800_cut/economist_daily_chart_103.png,0.553,Bar
v490_n7418_12_f1.png,https://raw.githubusercontent.com/c109363/ExperimentImage/main/1800_cut/v490_n7418_12_f1.png,0.77,Point
whoI11_1.png,https://raw.githubusercontent.com/c109363/ExperimentImage/main/1800_cut/whoI11_1.png,0.684,Bar
treasuryA10.png,https://raw.githubusercontent.com/c109363/ExperimentImage/main/1800_cut/treasuryA10.png,0.534,Line
economist_daily_chart_380.png,https://raw.githubusercontent.com/c109363/ExperimentImage/main/1800_cut/economist_daily_chart_380.png,0.383,Line
treasuryL16.png,https://raw.githubusercontent.com/c109363/ExperimentImage/main/1800_cut/treasuryL16.png,0.516,Bar
whoJ40_1.png,https://raw.githubusercontent.com/c109363/ExperimentImage/main/1800_cut/whoJ40_1.png,0.577,Bar
economist_daily_chart_54.png,https://raw.githubusercontent.com/c109363/ExperimentImage/main/1800_cut/economist_daily_chart_54.png,0.617,Point
wsj294.png,https://raw.githubusercontent.com/c109363/ExperimentImage/main/1800_cut/wsj294.png,0.591,Point
wsj277.png,https://raw.githubusercontent.com/c109363/ExperimentImage/main/1800_cut/wsj277.png,0.46,Bar
wsj167.png,https://raw.githubusercontent.com/c109363/ExperimentImage/main/1800_cut/wsj167.png,0.358,Line
treasuryL03_2.png,https://raw.githubusercontent.com/c109363/ExperimentImage/main/1800_cut/treasuryL03_2.png,0.558,Area
whoK04_2.png,https://raw.githubusercontent.com/c109363/ExperimentImage/main/1800_cut/whoK04_2.png,0.545,Bar
whoB03_1.png,https://raw.githubusercontent.com/c109363/ExperimentImage/main/1800_cut/whoB03_1.png,0.47,Bar
wsj459.png,https://raw.githubusercontent.com/c109363/ExperimentImage/main/1800_cut/wsj459.png,0.496,Bar
economist_daily_chart_430.png,https://raw.githubusercontent.com/c109363/ExperimentImage/main/1800_cut/economist_daily_chart_430.png,0.441,Line
wsj508.png,https://raw.githubusercontent.com/c109363/ExperimentImage/main/1800_cut/wsj508.png,0.358,Line
wsj474.png,https://raw.githubusercontent.com/c109363/ExperimentImage/main/1800_cut/wsj474.png,0.568,Area
v490_n7418_1_f2.png,https://raw.githubusercontent.com/c109363/ExperimentImage/main/1800_cut/v490_n7418_1_f2.png,0.665,Bar
wsj54.png,https://raw.githubusercontent.com/c109363/ExperimentImage/main/1800_cut/wsj54.png,0.393,Line
treasuryG06_2.png,https://raw.githubusercontent.com/c109363/ExperimentImage/main/1800_cut/treasuryG06_2.png,0.817,Bar
wsj533.png,https://raw.githubusercontent.com/c109363/ExperimentImage/main/1800_cut/wsj533.png,0.59,Point
whoB24_1.png,https://raw.githubusercontent.com/c109363/ExperimentImage/main/1800_cut/whoB24_1.png,0.61,Point
v487_n7405_7_f1.png,https://raw.githubusercontent.com/c109363/ExperimentImage/main/1800_cut/v487_n7405_7_f1.png,0.798,Line
economist_daily_chart_406.png,https://raw.githubusercontent.com/c109363/ExperimentImage/main/1800_cut/economist_daily_chart_406.png,0.587,Area
visMost132.png,https://raw.githubusercontent.com/c109363/ExperimentImage/main/1800_cut/visMost132.png,0.838,Point
economist_daily_chart_69.png,https://raw.githubusercontent.com/c109363/ExperimentImage/main/1800_cut/economist_daily_chart_69.png,0.525,Line
v486_n7401_8_f1.png,https://raw.githubusercontent.com/c109363/ExperimentImage/main/1800_cut/v486_n7401_8_f1.png,0.708,Line
whoJ40_2.png,https://raw.githubusercontent.com/c109363/ExperimentImage/main/1800_cut/whoJ40_2.png,0.28,Area
economist_daily_chart_116.png,https://raw.githubusercontent.com/c109363/ExperimentImage/main/1800_cut/economist_daily_chart_116.png,0.419,Area
visMost143.png,https://raw.githubusercontent.com/c109363/ExperimentImage/main/1800_cut/visMost143.png,0.523,Bar
treasuryG02_2.png,https://raw.githubusercontent.com/c109363/ExperimentImage/main/1800_cut/treasuryG02_2.png,0.697,Bar
v488_n7412_1_f4.png,https://raw.githubusercontent.com/c109363/ExperimentImage/main/1800_cut/v488_n7412_1_f4.png,0.471,Line
v488_n7410_15_f3.png,https://raw.githubusercontent.com/c109363/ExperimentImage/main/1800_cut/v488_n7410_15_f3.png,0.65,Node-link
v487_n7405_21_f2.png,https://raw.githubusercontent.com/c109363/ExperimentImage/main/1800_cut/v487_n7405_21_f2.png,0.645,Line
wsj259.png,https://raw.githubusercontent.com/c109363/ExperimentImage/main/1800_cut/wsj259.png,0.649,Line
whoI12_2.png,https://raw.githubusercontent.com/c109363/ExperimentImage/main/1800_cut/whoI12_2.png,0.704,Bar
wsj11.png,https://raw.githubusercontent.com/c109363/ExperimentImage/main/1800_cut/wsj11.png,0.509,Bar
wsj135.png,https://raw.githubusercontent.com/c109363/ExperimentImage/main/1800_cut/wsj135.png,0.346,Bar
wsj172.png,https://raw.githubusercontent.com/c109363/ExperimentImage/main/1800_cut/wsj172.png,0.508,Bar
whoI19.png,https://raw.githubusercontent.com/c109363/ExperimentImage/main/1800_cut/whoI19.png,0.495,Line
v487_n7408_15_f3.png,https://raw.githubusercontent.com/c109363/ExperimentImage/main/1800_cut/v487_n7408_15_f3.png,0.522,Bar
wsj481.png,https://raw.githubusercontent.com/c109363/ExperimentImage/main/1800_cut/wsj481.png,0.311,Bar
v488_n7412_9_f1.png,https://raw.githubusercontent.com/c109363/ExperimentImage/main/1800_cut/v488_n7412_9_f1.png,0.674,Area
vis673.png,https://raw.githubusercontent.com/c109363/ExperimentImage/main/1800_cut/vis673.png,0.79,Node-link
v485_n7397_15_f1.png,https://raw.githubusercontent.com/c109363/ExperimentImage/main/1800_cut/v485_n7397_15_f1.png,0.599,Node-link
vis564.png,https://raw.githubusercontent.com/c109363/ExperimentImage/main/1800_cut/vis564.png,0.425,Point
economist_daily_chart_85.png,https://raw.githubusercontent.com/c109363/ExperimentImage/main/1800_cut/economist_daily_chart_85.png,0.34,Bar
wsj9.png,https://raw.githubusercontent.com/c109363/ExperimentImage/main/1800_cut/wsj9.png,0.462,Bar
treasuryD05_1.png,https://raw.githubusercontent.com/c109363/ExperimentImage/main/1800_cut/treasuryD05_1.png,0.611,Bar
economist_daily_chart_454.png,https://raw.githubusercontent.com/c109363/ExperimentImage/main/1800_cut/economist_daily_chart_454.png,0.495,Bar
v488_n7413_3_f2.png,https://raw.githubusercontent.com/c109363/ExperimentImage/main/1800_cut/v488_n7413_3_f2.png,0.908,Line
economist_daily_chart_35.png,https://raw.githubusercontent.com/c109363/ExperimentImage/main/1800_cut/economist_daily_chart_35.png,0.539,Point
wsj359.png,https://raw.githubusercontent.com/c109363/ExperimentImage/main/1800_cut/wsj359.png,0.558,Line
v484_n7394_5_f5.png,https://raw.githubusercontent.com/c109363/ExperimentImage/main/1800_cut/v484_n7394_5_f5.png,0.535,Area
whoQ26.png,https://raw.githubusercontent.com/c109363/ExperimentImage/main/1800_cut/whoQ26.png,0.369,Area
visMost240.png,https://raw.githubusercontent.com/c109363/ExperimentImage/main/1800_cut/visMost240.png,0.66,Node-link
economist_daily_chart_520.png,https://raw.githubusercontent.com/c109363/ExperimentImage/main/1800_cut/economist_daily_chart_520.png,0.443,Bar;line
economist_daily_chart_53.png,https://raw.githubusercontent.com/c109363/ExperimentImage/main/1800_cut/economist_daily_chart_53.png,0.542,Point
v485_n7399_9_f2.png,https://raw.githubusercontent.com/c109363/ExperimentImage/main/1800_cut/v485_n7399_9_f2.png,0.504,Point
whoB05_1.png,https://raw.githubusercontent.com/c109363/ExperimentImage/main/1800_cut/whoB05_1.png,0.44,Area
economist_daily_chart_110.png,https://raw.githubusercontent.com/c109363/ExperimentImage/main/1800_cut/economist_daily_chart_110.png,0.648,Area
wsj220.png,https://raw.githubusercontent.com/c109363/ExperimentImage/main/1800_cut/wsj220.png,0.371,Bar
wsj540.png,https://raw.githubusercontent.com/c109363/ExperimentImage/main/1800_cut/wsj540.png,0.495,Point
treasuryK05_1.png,https://raw.githubusercontent.com/c109363/ExperimentImage/main/1800_cut/treasuryK05_1.png,0.331,Area
wsj360.png,https://raw.githubusercontent.com/c109363/ExperimentImage/main/1800_cut/wsj360.png,0.489,Bar
wsj176.png,https://raw.githubusercontent.com/c109363/ExperimentImage/main/1800_cut/wsj176.png,0.542,Bar
economist_daily_chart_516.png,https://raw.githubusercontent.com/c109363/ExperimentImage/main/1800_cut/economist_daily_chart_516.png,0.422,Bar
wsj521.png,https://raw.githubusercontent.com/c109363/ExperimentImage/main/1800_cut/wsj521.png,0.423,Bar
economist_daily_chart_48.png,https://raw.githubusercontent.com/c109363/ExperimentImage/main/1800_cut/economist_daily_chart_48.png,0.506,Area
wsj286.png,https://raw.githubusercontent.com/c109363/ExperimentImage/main/1800_cut/wsj286.png,0.56,Area
visMost374.png,https://raw.githubusercontent.com/c109363/ExperimentImage/main/1800_cut/visMost374.png,0.659,Area
vis87.png,https://raw.githubusercontent.com/c109363/ExperimentImage/main/1800_cut/vis87.png,0.766,Area
whoK19_1.png,https://raw.githubusercontent.com/c109363/ExperimentImage/main/1800_cut/whoK19_1.png,0.592,Bar
economist_daily_chart_153.png,https://raw.githubusercontent.com/c109363/ExperimentImage/main/1800_cut/economist_daily_chart_153.png,0.525,Area
v483_n7391_8_f1.png,https://raw.githubusercontent.com/c109363/ExperimentImage/main/1800_cut/v483_n7391_8_f1.png,0.5,Line
economist_daily_chart_89.png,https://raw.githubusercontent.com/c109363/ExperimentImage/main/1800_cut/economist_daily_chart_89.png,0.65,Area
wsj271.png,https://raw.githubusercontent.com/c109363/ExperimentImage/main/1800_cut/wsj271.png,0.386,Bar
wsj392.png,https://raw.githubusercontent.com/c109363/ExperimentImage/main/1800_cut/wsj392.png,0.319,Area
visMost271.png,https://raw.githubusercontent.com/c109363/ExperimentImage/main/1800_cut/visMost271.png,0.759,Area
wsj462.png,https://raw.githubusercontent.com/c109363/ExperimentImage/main/1800_cut/wsj462.png,0.348,Area
whoI11_2.png,https://raw.githubusercontent.com/c109363/ExperimentImage/main/1800_cut/whoI11_2.png,0.346,Bar
economist_daily_chart_416.png,https://raw.githubusercontent.com/c109363/ExperimentImage/main/1800_cut/economist_daily_chart_416.png,0.506,Bar;line
v485_n7400_14_f1.png,https://raw.githubusercontent.com/c109363/ExperimentImage/main/1800_cut/v485_n7400_14_f1.png,0.765,Area
v483_n7388_11_f2.png,https://raw.githubusercontent.com/c109363/ExperimentImage/main/1800_cut/v483_n7388_11_f2.png,0.569,Bar
economist_daily_chart_124.png,https://raw.githubusercontent.com/c109363/ExperimentImage/main/1800_cut/economist_daily_chart_124.png,0.497,Area
wsj270.png,https://raw.githubusercontent.com/c109363/ExperimentImage/main/1800_cut/wsj270.png,0.454,Line
treasuryB10.png,https://raw.githubusercontent.com/c109363/ExperimentImage/main/1800_cut/treasuryB10.png,0.565,Bar
vis230.png,https://raw.githubusercontent.com/c109363/ExperimentImage/main/1800_cut/vis230.png,0.635,Bar
economist_daily_chart_317.png,https://raw.githubusercontent.com/c109363/ExperimentImage/main/1800_cut/economist_daily_chart_317.png,0.451,Area
v487_n7406_13_f2.png,https://raw.githubusercontent.com/c109363/ExperimentImage/main/1800_cut/v487_n7406_13_f2.png,0.738,Point
wsj340.png,https://raw.githubusercontent.com/c109363/ExperimentImage/main/1800_cut/wsj340.png,0.358,Bar
v484_n7395_11_f1.png,https://raw.githubusercontent.com/c109363/ExperimentImage/main/1800_cut/v484_n7395_11_f1.png,0.601,Area
wsj529.png,https://raw.githubusercontent.com/c109363/ExperimentImage/main/1800_cut/wsj529.png,0.413,Bar
vis409.png,https://raw.githubusercontent.com/c109363/ExperimentImage/main/1800_cut/vis409.png,0.637,Area
visMost357.png,https://raw.githubusercontent.com/c109363/ExperimentImage/main/1800_cut/visMost357.png,0.667,Area
wsj55.png,https://raw.githubusercontent.com/c109363/ExperimentImage/main/1800_cut/wsj55.png,0.435,Bar
v484_n7394_10_f4.png,https://raw.githubusercontent.com/c109363/ExperimentImage/main/1800_cut/v484_n7394_10_f4.png,0.771,Line
wsj316.png,https://raw.githubusercontent.com/c109363/ExperimentImage/main/1800_cut/wsj316.png,0.593,Line
visMost376.png,https://raw.githubusercontent.com/c109363/ExperimentImage/main/1800_cut/visMost376.png,0.609,Area
wsj144.png,https://raw.githubusercontent.com/c109363/ExperimentImage/main/1800_cut/wsj144.png,0.529,Area
vis618.png,https://raw.githubusercontent.com/c109363/ExperimentImage/main/1800_cut/vis618.png,0.523,Area
visMost187.png,https://raw.githubusercontent.com/c109363/ExperimentImage/main/1800_cut/visMost187.png,0.464,Point
visMost505.png,https://raw.githubusercontent.com/c109363/ExperimentImage/main/1800_cut/visMost505.png,0.487,Point
economist_daily_chart_129.png,https://raw.githubusercontent.com/c109363/ExperimentImage/main/1800_cut/economist_daily_chart_129.png,0.567,Line
v486_n7403_19_f2.png,https://raw.githubusercontent.com/c109363/ExperimentImage/main/1800_cut/v486_n7403_19_f2.png,0.707,Grid and Matrix
visMost420.png,https://raw.githubusercontent.com/c109363/ExperimentImage/main/1800_cut/visMost420.png,0.633,Bar
vis853.png,https://raw.githubusercontent.com/c109363/ExperimentImage/main/1800_cut/vis853.png,0.71,Area
visMost190.png,https://raw.githubusercontent.com/c109363/ExperimentImage/main/1800_cut/visMost190.png,0.809,Point
visMost537.png,https://raw.githubusercontent.com/c109363/ExperimentImage/main/1800_cut/visMost537.png,0.81,Node-link
v485_n7400_15_f2.png,https://raw.githubusercontent.com/c109363/ExperimentImage/main/1800_cut/v485_n7400_15_f2.png,0.583,Bar
v489_n7416_15_f2.png,https://raw.githubusercontent.com/c109363/ExperimentImage/main/1800_cut/v489_n7416_15_f2.png,0.505,Point
economist_daily_chart_202.png,https://raw.githubusercontent.com/c109363/ExperimentImage/main/1800_cut/economist_daily_chart_202.png,0.586,Point
wsj99.png,https://raw.githubusercontent.com/c109363/ExperimentImage/main/1800_cut/wsj99.png,0.518,Area
wsj511.png,https://raw.githubusercontent.com/c109363/ExperimentImage/main/1800_cut/wsj511.png,0.37,Area
v489_n7415_12_f5.png,https://raw.githubusercontent.com/c109363/ExperimentImage/main/1800_cut/v489_n7415_12_f5.png,0.509,Bar
v483_n7390_8_f1.png,https://raw.githubusercontent.com/c109363/ExperimentImage/main/1800_cut/v483_n7390_8_f1.png,0.532,Line
wsj292.png,https://raw.githubusercontent.com/c109363/ExperimentImage/main/1800_cut/wsj292.png,0.51,Bar
wsj162.png,https://raw.githubusercontent.com/c109363/ExperimentImage/main/1800_cut/wsj162.png,0.603,Bar
visMost601.png,https://raw.githubusercontent.com/c109363/ExperimentImage/main/1800_cut/visMost601.png,0.578,Line
v486_n7401_8_f2.png,https://raw.githubusercontent.com/c109363/ExperimentImage/main/1800_cut/v486_n7401_8_f2.png,0.573,Cont.-ColorPatn
economist_daily_chart_45.png,https://raw.githubusercontent.com/c109363/ExperimentImage/main/1800_cut/economist_daily_chart_45.png,0.511,Point
visMost147.png,https://raw.githubusercontent.com/c109363/ExperimentImage/main/1800_cut/visMost147.png,0.588,Area
visMost77.png,https://raw.githubusercontent.com/c109363/ExperimentImage/main/1800_cut/visMost77.png,0.684,Node-link
economist_daily_chart_219.png,https://raw.githubusercontent.com/c109363/ExperimentImage/main/1800_cut/economist_daily_chart_219.png,0.508,Area
visMost92.png,https://raw.githubusercontent.com/c109363/ExperimentImage/main/1800_cut/visMost92.png,0.582,Line
v483_n7388_14_f3.png,https://raw.githubusercontent.com/c109363/ExperimentImage/main/1800_cut/v483_n7388_14_f3.png,0.529,Point
economist_daily_chart_475.png,https://raw.githubusercontent.com/c109363/ExperimentImage/main/1800_cut/economist_daily_chart_475.png,0.53,Area
visMost468.png,https://raw.githubusercontent.com/c109363/ExperimentImage/main/1800_cut/visMost468.png,0.625,Grid
v483_n7391_1_f1.png,https://raw.githubusercontent.com/c109363/ExperimentImage/main/1800_cut/v483_n7391_1_f1.png,0.564,Cont.-ColorPatn
vis734.png,https://raw.githubusercontent.com/c109363/ExperimentImage/main/1800_cut/vis734.png,0.842,Grid
vis278.png,https://raw.githubusercontent.com/c109363/ExperimentImage/main/1800_cut/vis278.png,0.874,Area
wsj21.png,https://raw.githubusercontent.com/c109363/ExperimentImage/main/1800_cut/wsj21.png,0.626,Area
v486_n7403_1_f8.png,https://raw.githubusercontent.com/c109363/ExperimentImage/main/1800_cut/v486_n7403_1_f8.png,0.561,Bar
wsj593.png,https://raw.githubusercontent.com/c109363/ExperimentImage/main/1800_cut/wsj593.png,0.317,Bar
visMost635.png,https://raw.githubusercontent.com/c109363/ExperimentImage/main/1800_cut/visMost635.png,0.45,Area
vis586.png,https://raw.githubusercontent.com/c109363/ExperimentImage/main/1800_cut/vis586.png,0.443,Line
v489_n7416_3_f4.png,https://raw.githubusercontent.com/c109363/ExperimentImage/main/1800_cut/v489_n7416_3_f4.png,0.967,Grid
visMost575.png,https://raw.githubusercontent.com/c109363/ExperimentImage/main/1800_cut/visMost575.png,0.579,Point
v490_n7418_14_f2.png,https://raw.githubusercontent.com/c109363/ExperimentImage/main/1800_cut/v490_n7418_14_f2.png,0.45,Node-link
v490_n7419_11_f1.png,https://raw.githubusercontent.com/c109363/ExperimentImage/main/1800_cut/v490_n7419_11_f1.png,0.728,Area
wsj553.png,https://raw.githubusercontent.com/c109363/ExperimentImage/main/1800_cut/wsj553.png,0.311,Point
vis630.png,https://raw.githubusercontent.com/c109363/ExperimentImage/main/1800_cut/vis630.png,0.395,Area
vis697.png,https://raw.githubusercontent.com/c109363/ExperimentImage/main/1800_cut/vis697.png,0.549,Area
vis625.png,https://raw.githubusercontent.com/c109363/ExperimentImage/main/1800_cut/vis625.png,0.522,Area
wsj20.png,https://raw.githubusercontent.com/c109363/ExperimentImage/main/1800_cut/wsj20.png,0.581,Line
vis399.png,https://raw.githubusercontent.com/c109363/ExperimentImage/main/1800_cut/vis399.png,0.904,Node-link
wsj226.png,https://raw.githubusercontent.com/c109363/ExperimentImage/main/1800_cut/wsj226.png,0.577,Bar
wsj395.png,https://raw.githubusercontent.com/c109363/ExperimentImage/main/1800_cut/wsj395.png,0.529,Line
v486_n7404_6_f1.png,https://raw.githubusercontent.com/c109363/ExperimentImage/main/1800_cut/v486_n7404_6_f1.png,0.622,Grid
wsj441.png,https://raw.githubusercontent.com/c109363/ExperimentImage/main/1800_cut/wsj441.png,0.45,Area
np_7.png,https://raw.githubusercontent.com/c109363/ExperimentImage/main/1800_cut/np_7.png,0.766,Bar
wsj557.png,https://raw.githubusercontent.com/c109363/ExperimentImage/main/1800_cut/wsj557.png,0.541,Point
economist_daily_chart_493.png,https://raw.githubusercontent.com/c109363/ExperimentImage/main/1800_cut/economist_daily_chart_493.png,0.586,Area
economist_daily_chart_521.png,https://raw.githubusercontent.com/c109363/ExperimentImage/main/1800_cut/economist_daily_chart_521.png,0.526,Line
np_48.png,https://raw.githubusercontent.com/c109363/ExperimentImage/main/1800_cut/np_48.png,0.745,Node-link and area
visMost282.png,https://raw.githubusercontent.com/c109363/ExperimentImage/main/1800_cut/visMost282.png,0.718,Area
visMost108.png,https://raw.githubusercontent.com/c109363/ExperimentImage/main/1800_cut/visMost108.png,0.594,Bar
wsj184.png,https://raw.githubusercontent.com/c109363/ExperimentImage/main/1800_cut/wsj184.png,0.724,Line
whoL11.png,https://raw.githubusercontent.com/c109363/ExperimentImage/main/1800_cut/whoL11.png,0.652,Area
vis250.png,https://raw.githubusercontent.com/c109363/ExperimentImage/main/1800_cut/vis250.png,0.391,Bar
vis729.png,https://raw.githubusercontent.com/c109363/ExperimentImage/main/1800_cut/vis729.png,0.482,Area
visMost54.png,https://raw.githubusercontent.com/c109363/ExperimentImage/main/1800_cut/visMost54.png,0.787,Bar
vis286.png,https://raw.githubusercontent.com/c109363/ExperimentImage/main/1800_cut/vis286.png,0.59,Area
economist_daily_chart_268.png,https://raw.githubusercontent.com/c109363/ExperimentImage/main/1800_cut/economist_daily_chart_268.png,0.447,Area
wsj52.png,https://raw.githubusercontent.com/c109363/ExperimentImage/main/1800_cut/wsj52.png,0.412,Line
visMost523.png,https://raw.githubusercontent.com/c109363/ExperimentImage/main/1800_cut/visMost523.png,0.561,Cont.-ColorPatn
wsj129.png,https://raw.githubusercontent.com/c109363/ExperimentImage/main/1800_cut/wsj129.png,0.482,Bar
np_21.png,https://raw.githubusercontent.com/c109363/ExperimentImage/main/1800_cut/np_21.png,0.791,Point
visMost55.png,https://raw.githubusercontent.com/c109363/ExperimentImage/main/1800_cut/visMost55.png,0.382,Bar
wsj299.png,https://raw.githubusercontent.com/c109363/ExperimentImage/main/1800_cut/wsj299.png,0.625,Bar
vis67.png,https://raw.githubusercontent.com/c109363/ExperimentImage/main/1800_cut/vis67.png,0.583,Node-link
visMost83.png,https://raw.githubusercontent.com/c109363/ExperimentImage/main/1800_cut/visMost83.png,0.52,Grid
wsj536.png,https://raw.githubusercontent.com/c109363/ExperimentImage/main/1800_cut/wsj536.png,0.448,Bar
wsj264.png,https://raw.githubusercontent.com/c109363/ExperimentImage/main/1800_cut/wsj264.png,0.533,Bar
v488_n7411_9_f1.png,https://raw.githubusercontent.com/c109363/ExperimentImage/main/1800_cut/v488_n7411_9_f1.png,0.608,Cont.-ColorPatn
visMost745.png,https://raw.githubusercontent.com/c109363/ExperimentImage/main/1800_cut/visMost745.png,0.54,Area
v484_n7392_14_f3.png,https://raw.githubusercontent.com/c109363/ExperimentImage/main/1800_cut/v484_n7392_14_f3.png,0.412,Node-link
v488_n7412_8_f1.png,https://raw.githubusercontent.com/c109363/ExperimentImage/main/1800_cut/v488_n7412_8_f1.png,0.565,Point
vis768.png,https://raw.githubusercontent.com/c109363/ExperimentImage/main/1800_cut/vis768.png,0.669,Point
whoI22.png,https://raw.githubusercontent.com/c109363/ExperimentImage/main/1800_cut/whoI22.png,0.35,Bar
vis652.png,https://raw.githubusercontent.com/c109363/ExperimentImage/main/1800_cut/vis652.png,0.438,Point
vis678.png,https://raw.githubusercontent.com/c109363/ExperimentImage/main/1800_cut/vis678.png,0.653,Bar
vis831.png,https://raw.githubusercontent.com/c109363/ExperimentImage/main/1800_cut/vis831.png,0.554,Area
