imageName,run_id,score,confidence,explanation,chart_type,chart_type_confidence
whoQ09_2.png,3,0.29,0.84,"This is a fairly standard grouped bar chart with muted colors, dense labeling, and repeated country-year comparisons, which makes it informative but not especially distinctive or visually striking. Its conventional layout and moderate complexity reduce the likelihood of strong memory retention after a brief viewing.",grouped bar chart,0.97
whoQ48_5.png,3,0.31,0.82,"This is a fairly standard multi-series time trend graphic with muted colors and dense numeric labeling, which makes it informative but not especially distinctive or visually striking. The multiple overlapping lines and log-scale axis add complexity without strong memorable visual cues.",multi-series line chart,0.97
whoQ50_2.png,3,0.31,0.82,"This is a fairly standard single-series bar chart with muted coloring and many rotated category labels, making it informative but not especially distinctive or visually striking. The strong contrast between mostly negative bars and a few positive bars adds some structure, but overall it remains moderately forgettable.",vertical bar chart,0.97
whoQ51_2.png,3,0.29,0.82,"This is a straightforward horizontal bar chart with a plain layout, muted color, and limited distinctive visual features, which makes it less likely to be strongly remembered. The ranked bars and country labels provide some structure, but the overall design is conventional and not especially striking.",horizontal bar chart,0.98
treasuryG05_1.png,3,0.34,0.8,"This is a fairly standard two-series financial line chart with dense annotations and muted styling, which makes it informative but not especially distinctive or visually striking. The long time span and text-heavy layout reduce immediate visual uniqueness and likely memorability.",line chart,0.98
v484_n7394_5_f2.png,3,0.31,0.84,"This is a monochrome scientific plot with two overlaid lines, dual y-axes, and minimal visual distinctiveness, which tends to be less memorable than colorful or pictorial graphics. The annotation adds a small focal point, but overall it remains a fairly standard technical figure.",line chart,0.96
whoQ52_4.png,3,0.34,0.79,"This visualization is a fairly standard stacked time-series area chart with muted colors and dense labeling, which makes it less distinctive and harder to remember. The large spikes add some visual structure, but overall it lacks strong unique visual cues.",stacked area chart,0.98
economist_daily_chart_106.png,3,0.42,0.78,"This is a fairly standard comparative news-style chart with many labeled horizontal bars and muted colors, which makes it informative but not especially distinctive or visually striking. The unusual left-right divergence and paired nominal/real bars add some memorability, but overall it remains a conventional graphic.",grouped horizontal bar chart,0.95
economist_daily_chart_529.png,3,0.42,0.8,"This is a fairly standard economic news graphic with muted colors and a familiar dual-axis bar-and-line presentation, which makes it moderately forgettable despite the notable negative bar and rising unemployment line. Its clear structure helps recognition somewhat, but it lacks distinctive visual novelty or striking imagery.",dual-axis bar-and-line chart,0.97
whoN22.png,3,0.52,0.77,"The world map with broad regional color coding is moderately memorable because of its familiar geographic form and distinct palette, but the dense labeling and muted tones make it less striking than more visually distinctive graphics. The dominant visualization is a thematic world map with regions shaded by value ranges.",choropleth map,0.97
whoJ23.png,3,0.42,0.79,"The visualization is a simple three-slice pie chart with clear percentages and a prominent headline, which makes it moderately easy to recall, but its conventional design and limited visual distinctiveness reduce memorability. The dominant visual form is a pie chart.",pie chart,0.98
whoJ44.png,3,0.39,0.8,"This is a clean but fairly standard two-series time trend graphic with limited visual novelty, making it moderately forgettable despite the strong headline and clear contrast between the lines. The simple layout and sparse annotations aid comprehension more than distinct memorability.",line chart,0.99
whoQ18_3.png,3,0.34,0.79,"This is a fairly standard stacked time-series bar chart with muted colors, dense labeling, and little distinctive visual novelty, which tends to make it less memorable. The repeated yearly bars and similar segment tones reduce standout features, though the topic/title provides some context.",stacked bar chart,0.97
whoN16_1.png,3,0.34,0.79,"This is a dense, text-heavy statistical graphic with many similar horizontal bars and muted colors, which tends to be less distinctive and harder to remember. Its clear structure helps comprehension, but it lacks striking visual features or unusual design elements that boost memorability.",stacked horizontal bar chart,0.98
whoQ48_4.png,3,0.34,0.82,"This is a fairly standard statistical graphic with a simple single-series filled trend over time, limited color, and little distinctive imagery, which tends to reduce memorability. The sharp rise near the end adds some visual structure but not enough to make it highly memorable.",area chart,0.97
whoQ32_2.png,3,0.34,0.79,"This is a fairly standard scatter plot with many similar-looking points, muted styling, and dense explanatory text, which makes it less visually distinctive and harder to remember. A few outliers add some interest, but the overall design remains conventional and not especially striking.",scatter plot,0.98
whoQ44_4.png,3,0.39,0.79,"This visualization is a fairly standard multi-series stacked area chart with muted colors, dense labeling, and a long explanatory title, which makes it informative but not especially distinctive or visually striking. Its unusual regional topic and dramatic upward trend add some memorability, but overall it resembles many similar report figures.",stacked area chart,0.98
economist_daily_chart_66.png,3,0.34,0.82,"This is a fairly standard multi-series economic line chart with muted colors and familiar formatting, which tends to be only moderately memorable. The multiple country trend lines and red dashed forecast markers add some distinctiveness, but the overall design remains conventional and text-heavy.",multi-series line chart,0.98
whoN05.png,3,0.34,0.82,"This is a fairly standard multi-series time trend graphic with muted colors and dense labeling, which makes it informative but not especially distinctive or visually striking. The many similar lines and conventional layout reduce its likelihood of being strongly remembered.",multi-series line chart,0.98
treasuryI01_2.png,3,0.34,0.8,"This is a fairly standard dual-axis time-series chart with muted colors, dense labels, and a conventional layout, which makes it informative but not especially distinctive or visually striking. The contrasting trend lines and prominent title add some recall value, but overall it is likely only moderately memorable.",dual-axis line chart,0.98
economist_daily_chart_4.png,3,0.42,0.79,"This is a fairly standard news-style political economic chart with many labeled horizontal bars and muted colors, making it informative but not especially distinctive or visually striking. The partisan color coding and unusual diverging layout add some recall value, but overall it remains moderately forgettable.",diverging horizontal bar chart,0.97
economist_daily_chart_242.png,3,0.42,0.79,"This is a fairly standard informational graphic with stacked bars and an overlaid line, using muted colors and a conventional layout that is informative but not especially distinctive. The topic may add some salience, but the visual form itself is moderately forgettable.",stacked bar chart with overlaid line,0.97
wsj308.png,3,0.52,0.79,"This is a clear, well-labeled comparative news graphic, but its conventional horizontal bar layout and muted styling make it only moderately distinctive. The strong title and age-group color contrast help retention somewhat, yet the chart lacks unusual visual features or imagery that would make it highly memorable.",grouped horizontal bar chart,0.98
economist_daily_chart_258.png,3,0.39,0.8,"This is a fairly standard labeled scatter plot with many similar points, muted colors, and dense annotations, which makes it informative but not especially distinctive or visually striking. A few outlier states and the trend line add some recall value, but overall it is moderately low in memorability.",scatter plot,0.98
whoJ33.png,3,0.42,0.79,"This is a fairly standard multi-series time-trend graphic with modest distinctiveness: colored lines and a long headline help, but the overall design is conventional and text-heavy. It is likely moderately forgettable compared with more visually unusual or image-based visuals.",multi-series line chart,0.98
whoJ32.png,3,0.39,0.78,"This is a fairly standard horizontal bar chart with many categories and muted colors, which makes it informative but not especially distinctive or visually striking. The single highlighted bar adds some focus, but overall the design is conventional and moderately forgettable.",horizontal bar chart,0.98
whoK12_2.png,3,0.42,0.79,"This is a fairly standard world map with categorical country coloring and a long legend, which makes it informative but not especially distinctive or visually striking. The broad geographic layout is familiar and somewhat memorable, but the muted palette and dense detail reduce standout recall.",choropleth world map,0.98
whoQ06_2.png,3,0.34,0.82,"This is a fairly standard multi-series time trend graphic with muted colors, dense explanatory text, and no especially distinctive visual motif, which makes it only moderately memorable. The multiple lines and year-by-year comparisons are clear but visually conventional.",multi-series line chart,0.98
v488_n7411_6_f4.png,3,0.42,0.79,"This is a dense multi-series scientific plot with multiple y-axes, overlapping lines, and technical annotations, which makes it moderately distinctive but not especially easy to remember at a glance. Its complexity and conventional styling reduce memorability compared with simpler or more visually unique charts.",multi-axis line chart,0.96
v483_n7387_5_f1.png,3,0.29,0.82,"This is a dense scientific plot with multiple overlapping lines, dual y-axes, and technical annotations, which makes it visually complex but not especially distinctive or easy to recall. Its monochrome-heavy styling and conventional layout reduce memorability compared with more visually salient charts.",multi-series line chart,0.96
treasuryB04.png,3,0.58,0.8,"The visualization has moderate memorability due to its prominent headline, colored multi-line trend chart, and large directional arrows, but it is also text-heavy and visually dense, which reduces distinctiveness. The dominant visual form is a time-series line chart with multiple annotated series.",annotated multi-series line chart,0.96
whoQ11_1.png,3,0.29,0.8,"This is a dense multi-series line chart with many similarly styled lines and a large legend, making it visually cluttered and hard to distinguish or recall specific patterns. Its muted palette and conventional layout further reduce distinctiveness and memorability.",multi-series line chart,0.98
whoJ48_2.png,3,0.56,0.79,"The visualization uses a familiar world map with moderate color contrast and a long headline, making it somewhat memorable but not highly distinctive. Its geographic layout aids recall, though the dense legend and muted styling reduce standout impact.",choropleth world map,0.97
whoJ36_2.png,3,0.58,0.84,"The visualization has moderate memorability due to its large bold headline, simple upward-trending line, and distinctive red callout circles highlighting percentages. However, it remains a fairly standard report-style chart with limited novelty or dense visual uniqueness.",line chart,0.98
whoN32_2.png,3,0.31,0.82,"This is a plain monochrome statistical chart with standard bars, gridlines, and a long title, which makes it informative but not especially distinctive or visually striking. Its simple layout and lack of unusual imagery suggest relatively low memorability.",vertical bar chart,0.98
economist_daily_chart_167.png,3,0.42,0.78,"This is a clear but fairly standard ranked bar chart with many labels and muted styling, which makes it informative yet not especially distinctive or visually striking. The unusual topic of language diversity adds some memorability, but the overall design remains conventional.",horizontal bar chart,0.98
whoJ15_1.png,3,0.39,0.8,"This is a straightforward horizontal bar chart with many labels and a conventional layout, which tends to be only moderately memorable. The standout long bar for Lesotho adds some distinctiveness, but the overall design remains typical and text-heavy.",horizontal bar chart,0.98
whoN21_1.png,3,0.34,0.79,"This is a plain two-bar stacked chart with muted colors, dense title text, and a standard legend, making it informative but not especially distinctive or visually striking. Its simple structure may aid basic recall, but the overall design is fairly generic and likely only moderately memorable.",stacked bar chart,0.98
whoB15_1.png,3,0.42,0.79,"The figure is information-dense and visually cluttered, with many colored segments and labels that make it harder to encode as a distinct memorable image. Its mirrored layout and strong title add some structure, but overall it resembles a typical statistical report graphic rather than a striking or unusual visual.",diverging stacked bar chart,0.95
v487_n7405_6_f4.png,3,0.39,0.82,"This is a fairly typical multi-series scientific plot with several colored lines, annotations, and error bars; it is informative but visually conventional and not especially distinctive. The labeled curves add some recall value, but the dense technical styling limits memorability for most viewers.",multi-series line chart,0.96
whoJ36_1.png,3,0.39,0.8,"This is a straightforward horizontal bar chart with muted colors and a conventional ranked layout, which makes it easy to read but not especially distinctive or visually striking. The long labels and report-style formatting add information density without strong memorable visual cues.",horizontal bar chart,0.98
wsj612.png,3,0.52,0.79,"The chart has a clear headline and strong color-coded end labels, which help recall, but its conventional newspaper line-chart design and limited visual novelty make it only moderately memorable. The dominant visualization is a multi-series time-based line chart comparing funding trends across diseases.",multi-series line chart,0.98
economist_daily_chart_324.png,3,0.42,0.79,"This is a fairly standard financial news graphic with muted colors and a conventional layout, which makes it moderately forgettable despite one standout long bar for Dexia Group. The ranked comparison is clear, but the overall design lacks distinctive visual novelty or imagery that would strongly boost memorability.",horizontal stacked bar chart,0.98
whoB13_2.png,3,0.42,0.8,"This visualization is moderately memorable because the large colorful circular form and striped overlays stand out, but the dense labeling and many similar wedges make it harder to retain specific details. Its overall structure is familiar rather than distinctive, which limits memorability.",pie chart,0.97
whoL06.png,3,0.39,0.8,"This is a fairly standard grouped bar chart with muted colors and repeated bar patterns, which makes it moderately easy to interpret but not especially distinctive or visually striking. The multiple country groups and socioeconomic legend add some structure, yet the overall design is conventional and likely only modestly memorable.",grouped bar chart,0.98
whoQ42_1.png,3,0.29,0.82,"This is a simple, text-heavy horizontal bar chart with muted coloring and a conventional layout, which tends to be less distinctive and therefore less memorable. Its ranked bars make it easy to read, but there are few unusual visual features or strong semantic cues that would enhance recall.",horizontal bar chart,0.98
whoQ14_2.png,3,0.34,0.79,"This is a straightforward horizontal bar chart with many similar bars, muted coloring, and dense labels, which makes it informative but not especially distinctive or visually striking. The ordered ranking aids comprehension, yet the overall design is fairly generic and thus only moderately memorable.",horizontal bar chart,0.98
whoN23_2.png,3,0.34,0.82,"This is a straightforward monochrome horizontal bar chart with clear labels but little visual distinctiveness, imagery, or unusual design, which tends to reduce memorability. The strong ranking and prominent longest bars help somewhat, but overall it remains fairly generic.",horizontal bar chart,0.98
whoB32_1.png,3,0.39,0.8,"This is a fairly standard grouped bar chart with many labels and muted colors, making it informative but not especially distinctive or visually striking. The topic is serious and may aid recall somewhat, but the overall design is conventional and text-heavy.",grouped bar chart,0.98
whoB25_2.png,3,0.42,0.79,"This is a fairly standard multi-series line chart with several colored and styled lines, making it moderately distinctive but still similar to many statistical graphics. The dense labeling and conventional layout reduce standout visual novelty and thus likely memorability.",multi-series line chart,0.98
economist_daily_chart_453.png,3,0.39,0.78,"This is a fairly standard two-series financial time-series graphic with muted colors and familiar formatting, which makes it moderately forgettable despite the dramatic rise-and-fall pattern. The distinctive crash-and-rebound shape adds some memorability, but the overall design is conventional.",line chart,0.98
whoQ41_1.png,3,0.34,0.79,"This is a fairly standard horizontal stacked bar chart with repetitive bars, muted colors, and limited distinctive visual features, which makes it less likely to be strongly remembered. The topic is meaningful, but the design itself is conventional and visually uniform.",horizontal stacked bar chart,0.98
whoK31.png,3,0.34,0.79,"This is a fairly standard world map with regional color coding, which is familiar and easy to parse but not especially distinctive or visually striking. Its broad geographic shapes aid recognition, yet the muted palette and conventional layout reduce memorability.",choropleth world map,0.97
whoB20_1.png,3,0.42,0.79,"This figure is information-dense and visually conventional, with many colored stacked bars and extensive labeling that make it harder to form a simple memorable gist. Its mirrored layout is somewhat distinctive, but the overall design remains typical of statistical reports rather than highly memorable imagery.",diverging stacked horizontal bar chart,0.95
v489_n7414_25_f2.png,3,0.31,0.78,"This is a fairly technical scientific plot with monochrome lines, dual y-axes, and limited visual distinctiveness, which tends to reduce memorability. Its unusual axis break and overlaid series add some complexity, but not enough to make it highly memorable.",dual-axis line chart,0.95
treasuryK03_3.png,3,0.34,0.82,"This is a simple financial chart with generic blue 3D bars, sparse labeling, and little distinctive visual structure, which makes it only moderately easy to remember. The large swings in values add some salience, but the overall design is conventional and not especially unique.",3D bar chart,0.98
whoK06_2.png,3,0.42,0.8,"This is a fairly standard pie chart with muted colors and a text-heavy legend, which makes it moderately easy to recognize but not especially distinctive or visually striking. The large dominant slice and clear headline help some recall, but the overall design is conventional.",pie chart,0.99
economist_daily_chart_99.png,3,0.56,0.82,"The world map with strong red shading and a clear geographic pattern is moderately memorable, but it uses a familiar choropleth design without especially distinctive annotations or unusual visual elements. Its broad regional contrasts help retention more than a typical plain statistical chart.",choropleth map,0.98
economist_daily_chart_240.png,3,0.42,0.79,"This is a fairly standard multi-series climate trend graphic with muted colors and a familiar line-chart structure, which makes it informative but not especially distinctive or visually striking. Its topical relevance and clear upward trend add some memorability, but overall it remains moderately forgettable compared with more unusual visuals.",multi-series line chart,0.98
whoK23_2.png,3,0.42,0.78,"The visualization uses a fairly standard stacked bar layout with muted colors and dense labeling, which makes it informative but not especially distinctive or visually striking. The strong headline and unusual topic add some memorability, but the overall design remains conventional.",stacked bar chart,0.97
economist_daily_chart_439.png,3,0.42,0.79,"This is a fairly standard comparative bar chart with muted colors and dense labels, which makes it informative but not especially distinctive or visually striking. The country comparisons and two-year contrast add some structure, but overall it is moderately forgettable.",grouped horizontal bar chart,0.98
whoO06_2.png,3,0.34,0.79,"This is a dense, text-heavy comparative chart with many categories and muted colors, which tends to be less visually distinctive and harder to remember. Its structured horizontal bars and clear legend aid comprehension somewhat, but the overall design is fairly conventional.",grouped horizontal bar chart,0.96
treasuryL11_2.png,3,0.39,0.8,"This is a standard labeled pie chart with a plain white background and conventional colors, which makes it fairly generic and not especially distinctive. The large title and clear category labels help somewhat, but the overall design is common and only moderately memorable.",pie chart,0.99
v490_n7420_13_f4.png,3,0.42,0.78,"This figure is a specialized multi-series scientific plot with several overlaid lines, dual y-axes, and annotations; it is moderately distinctive but visually dense and not especially iconic. The colored curves and arrows add some recall value, yet the overall format is typical of technical journal graphics.",multi-series line chart,0.96
economist_daily_chart_215.png,3,0.52,0.78,"This world map uses strong blue highlighting and country labels to convey a geopolitical topic, which gives it moderate distinctiveness, but the overall design is fairly standard and information-dense. Its recognizable global layout helps retention, though it lacks a highly unusual visual hook.",choropleth world map,0.95
economist_daily_chart_75.png,3,0.34,0.82,"This is a straightforward horizontal bar chart with a plain layout, limited color palette, and no especially distinctive visual features, which makes it moderately forgettable. The topic is somewhat specific, but the design itself is conventional and not highly imageable.",horizontal bar chart,0.99
treasuryK03_2.png,3,0.34,0.79,"This is a straightforward financial chart with a conventional layout, repeated blue bars, and little distinctive imagery, which makes it only moderately memorable. The large title and 3D styling add some visual salience but not enough to make it highly memorable.",3D bar chart,0.98
wsj28.png,3,0.34,0.78,"This is a dense, text-heavy financial graphic with muted colors and many small labeled segments, which makes it less visually distinctive and harder to retain. Its unusual single-band segmented layout adds some structure, but overall it is not especially memorable compared with more pictorial or striking charts.",stacked bar chart,0.86
economist_daily_chart_449.png,3,0.42,0.79,"This is a straightforward ranked horizontal bar chart with many text labels and a muted palette, which makes it informative but not especially visually distinctive or easy to retain. The unusual subject matter of expensive book titles adds some memorability, but the dense layout reduces it.",horizontal bar chart,0.98
treasuryG07_2.png,3,0.34,0.79,"This is a fairly standard multi-series financial line chart with muted colors and a simple annotation, making it informative but not especially distinctive or visually striking. Its conventional layout and repetitive monthly trends reduce the likelihood of strong memory retention.",line chart,0.98
economist_daily_chart_165.png,3,0.39,0.78,"This is a fairly standard comparative chart with many categories and muted colors, which makes it informative but not especially distinctive or visually striking. The country labels and split donor categories add some structure, but the overall design is conventional and moderately forgettable.",stacked horizontal bar chart,0.98
v486_n7404_9_f2.png,3,0.31,0.82,"This is a dense scientific plot with multiple overlapping colored series, error bars, and inset panels, which makes it visually complex but not especially distinctive or easy to recall. Its technical formatting and repetitive line patterns reduce memorability for most viewers.",multi-series line chart,0.95
treasuryI02_1.png,3,0.34,0.79,"This is a fairly standard dual-axis time-series business chart with bars and lines, using conventional colors and dense labeling, which makes it informative but not especially distinctive or visually striking. Its generic layout and familiar subject matter suggest below-average memorability.",dual-axis combination chart,0.96
economist_daily_chart_491.png,3,0.34,0.79,"This is a fairly standard news-style chart with many similar horizontal bars, muted colors, and dense labels, which makes it informative but not especially distinctive or visually striking. The stacked bars and country ranking provide some structure, but overall it is likely only moderately memorable.",stacked horizontal bar chart,0.98
economist_daily_chart_392.png,3,0.42,0.79,"This is a clean but fairly conventional ranked bar chart with muted colors and repeated labels, which makes it informative yet not especially distinctive. The single highlighted bar adds some visual focus, but overall the design is standard and moderately memorable at best.",horizontal bar chart,0.98
wsj262.png,3,0.58,0.8,"The graphic has a clear two-line comparison with strong color coding and prominent callout labels, which makes the main message fairly easy to remember. However, its conventional newspaper chart design and dense text reduce distinctiveness compared with highly memorable visuals.",line chart,0.98
v485_n7397_6_f4.png,3,0.42,0.78,"This is a specialized scientific plot with multiple overlaid curves, symbols, and logarithmic axes, which makes it moderately distinctive but not broadly memorable to most viewers. Its dense annotations and similar-colored marks reduce immediate visual recall despite the unusual astrophysical content.",multi-series log-log scatter plot with fitted curves,0.93
v485_n7400_14_f2.png,3,0.52,0.78,"The figure is visually dense and specialized, with many annotations, symbols, and shaded regions that make it distinctive but also cognitively cluttered. Its unusual geological overlays and strong diagonal band increase uniqueness, though the overall complexity may reduce easy recall.",scatter plot,0.9
wsj108.png,3,0.42,0.78,"This financial graphic is moderately memorable due to its bold title, shaded trading band, and dual colored lines, but it uses a fairly standard newspaper chart layout that is not highly distinctive. The dominant visualization is a time-series line chart with an uncertainty/range band in the background.",time-series line chart,0.95
v486_n7404_20_f6.png,3,0.34,0.79,"This is a fairly standard scientific plot with two data series, logarithmic scaling, and error bars; such figures are typically not highly memorable because they rely on conventional encodings and dense numeric context. The small trajectory insets add some distinctiveness, but the overall image remains visually generic.",scatter plot with error bars,0.95
treasuryB15.png,3,0.42,0.78,"This slide has a fairly standard policy-presentation layout with a labeled scatter plot and dense explanatory text, which makes it informative but not especially distinctive or visually striking. The highlighted U.S. point and strong headline add some recall value, but overall it resembles many corporate/government briefing slides.",scatter plot,0.98
whoK17_1.png,3,0.34,0.79,"This is a simple two-bar chart with muted colors and a conventional layout, which makes it easy to read but not especially distinctive or visually striking. The clear title and large value labels help retention somewhat, but the overall design is fairly generic.",vertical bar chart,0.98
wsj170.png,3,0.58,0.79,"This is a fairly standard annotated financial time-series graphic; the event callouts and numbered markers add some distinctiveness, but the overall design and line-chart form are common and moderately memorable rather than striking. The dense text and muted styling make it informative more than visually iconic.",annotated line chart,0.97
economist_daily_chart_390.png,3,0.42,0.79,"This is a fairly standard multi-series financial line chart with muted colors and dense labeling, which makes it informative but not especially distinctive or visually striking. The disaster theme adds some semantic interest, but the overall design remains conventional and moderately forgettable.",multi-series line chart,0.98
v484_n7393_6_f4.png,3,0.29,0.84,"This is a fairly standard scientific plot with monochrome lines, error-bar points, and an inset zoom, which makes it informative but not especially distinctive or visually striking. Its technical, repetitive structure tends to be less memorable than colorful or unusual visualizations.",line chart,0.95
wsj405.png,3,0.58,0.79,"The visualization has a clear narrative headline, a prominent orange time-series line, and annotated event callouts that make it more distinctive than a standard financial chart, though its dense text and familiar newspaper style limit standout memorability. The dominant visual form is a single stock-price trend over time with annotations.",annotated line chart,0.97
economist_daily_chart_5.png,3,0.39,0.8,"This is a clean but fairly standard ranked country comparison with muted colors and little visual novelty, which tends to make it only moderately memorable. The long list of labels and auxiliary density figures add information but not distinctive visual features that strongly aid recall.",horizontal bar chart,0.98
treasuryK06.png,3,0.34,0.8,"This is a fairly standard grouped bar chart with muted colors, heavy labeling, and limited distinctive visual features, which makes it only moderately memorable. The unusually large negative bar may help recall somewhat, but the overall design remains generic and cluttered.",grouped bar chart,0.95
economist_daily_chart_103.png,3,0.42,0.8,"This is a fairly standard grouped bar chart with many categories and muted colors, making it informative but not especially distinctive or visually striking. The repeated bars and dense labeling reduce uniqueness, though the positive/negative split around zero adds some structure.",grouped bar chart,0.97
economist_daily_chart_187.png,3,0.42,0.79,"This is a clean but fairly standard ranked horizontal bar chart with many labels and muted styling, which makes it informative yet not especially distinctive or visually striking. The unusual topic and strong central zero line add some memorability, but overall it remains moderately forgettable.",diverging horizontal bar chart,0.97
v490_n7418_12_f1.png,3,0.31,0.79,"This is a dense scientific figure with many colored points and error bars across two stacked panels, making it informative but visually generic and harder to distinctly remember. Its technical style, repeated marks, and lack of a singular iconic visual feature reduce memorability.",scatter plot with error bars,0.94
whoI11_1.png,3,0.31,0.82,"This grayscale scientific figure is visually cluttered and uses a hard-to-read 3D perspective, which reduces distinctiveness and ease of recall. Its generic academic styling and dense labels make it less memorable than cleaner or more visually striking charts.",3D bar chart,0.97
treasuryA10.png,3,0.42,0.8,"This is a fairly standard policy infographic centered on multiple trend lines over time, with muted colors and dense text that make it informative but not especially distinctive or visually striking. The bold headline and thick black line add some recall value, but overall it resembles many government report charts.",line chart,0.98
economist_daily_chart_380.png,3,0.34,0.82,"This is a fairly standard two-series time trend graphic with muted colors and minimal distinctive visual features, which makes it less likely to stand out in memory. The clear title and labeled lines help somewhat, but the overall design remains conventional and not especially striking.",line chart,0.98
treasuryL16.png,3,0.34,0.82,"This is a fairly standard grouped bar chart with many categories, muted colors, and dense labels, which makes it informative but not especially distinctive or visually striking. The standout tall bars may aid some recall, but overall the design is conventional and moderately forgettable.",grouped bar chart,0.98
whoJ40_1.png,3,0.34,0.79,"This is a dense, text-heavy horizontal stacked bar chart with many categories and muted colors, which makes it informative but not especially distinctive or visually striking. Its conventional layout and lack of standout imagery reduce likely memorability.",horizontal stacked bar chart,0.98
economist_daily_chart_54.png,3,0.62,0.84,"The visualization is distinctive because it uses repeated human pictograms and color-coded age markers across Olympic years, which makes the theme and structure fairly memorable. However, its dense tabular layout and many similar rows reduce standout recall compared with simpler or more visually dramatic charts.",timeline dot plot,0.82
wsj277.png,3,0.42,0.79,"The chart uses a familiar mirrored bar layout with muted party colors and clear labels, making it understandable but not especially distinctive or visually striking. Its political context adds some salience, yet the overall design remains fairly standard and text-heavy.",diverging bar chart,0.95
wsj294.png,3,0.62,0.84,"The chart has a clear headline, contrasting colored point markers, and a distinctive annotated comparison between fathers and mothers, which makes it moderately memorable. However, its conventional newspaper-style layout and simple scatter pattern limit uniqueness compared with highly iconic visuals.",scatter plot,0.98
wsj167.png,3,0.42,0.79,"This is a fairly standard newspaper-style time-series graphic with a clear headline and highlighted endpoint, which adds some recall value, but its conventional layout and muted palette make it only moderately memorable. The dominant visual form is a filled line over time showing default rates across years.",area chart,0.95
whoK04_2.png,3,0.42,0.79,"This is a fairly standard statistical graphic with many similar blue bars, dense labels, and a conventional layout, which makes it informative but not especially distinctive or visually striking. The two-tier bar presentation adds some structure, yet the overall design remains typical and moderately forgettable.",bar chart,0.95
treasuryL03_2.png,3,0.39,0.82,"This is a fairly standard business chart with familiar pie slices and a breakout detail panel, making it moderately easy to parse but not especially distinctive or visually striking. The large 50% segment and unusual exploded breakdown of 'Other' add some memorability, but overall it remains a conventional infographic.",pie chart,0.93
economist_daily_chart_430.png,3,0.34,0.82,"This is a fairly standard multi-series economic projection graphic with muted colors and familiar line trajectories, which makes it moderately easy to parse but not especially distinctive or visually striking. The standout rising Brazil line adds some memorability, but overall the chart remains conventional and text-heavy.",multi-series line chart,0.98
whoB03_1.png,3,0.34,0.79,"This is a conventional stacked horizontal bar chart with muted colors, dense labeling, and no striking visual novelty, which makes it only moderately memorable. Its clear structure helps recognition somewhat, but the overall design is fairly standard and text-heavy.",stacked horizontal bar chart,0.98
wsj459.png,3,0.46,0.79,"This business graphic is clear and structured, with a distinctive split layout and one highlighted segment, but it uses conventional financial-chart styling and limited visual novelty, which makes it only moderately memorable. The dominant form is a set of horizontal bars comparing segment values across two measures.",horizontal bar chart,0.9
wsj508.png,3,0.62,0.84,"The chart has moderate memorability due to its bold headline, contrasting blue/orange lines, and prominent yellow callout bubbles highlighting peak and end values. However, it remains a fairly standard financial time-series graphic, which limits distinctiveness.",line chart,0.98
wsj474.png,3,0.56,0.79,"The graphic is moderately memorable because it uses three side-by-side colorful pie charts with a clear headline and income-group comparison, but the design is still fairly conventional and text-heavy. Its repeated structure aids recall more than a single dense chart would, though it lacks a highly distinctive visual hook.",pie chart,0.97
treasuryG06_2.png,3,0.34,0.79,"This is a dense multi-series vertical bar chart with many dates, colors, and labels, making it visually cluttered and harder to retain distinctly. Aside from the prominent maturity spikes and side annotation, it lacks a uniquely striking visual structure that would strongly boost memorability.",grouped bar chart,0.88
wsj54.png,3,0.42,0.84,"This is a simple two-series political trend graphic with clear color contrast and a notable convergence, which gives it some memorability, but its minimalist newspaper style and lack of unusual imagery make it only moderately memorable. The dominant form is a time-series line chart showing two lines across election years.",line chart,0.98
v490_n7418_1_f2.png,3,0.42,0.79,"This figure is a specialized comparative genomics diagram with repeated colored gene blocks and labels, making it informative but visually dense and less instantly distinctive for general viewers. The organism illustrations and phylogenetic context add some uniqueness, but overall memorability is moderate-low due to its technical, repetitive structure.",comparative gene cluster schematic,0.93
wsj533.png,3,0.58,0.79,"The graphic has a distinctive headline and colored year markers connected by arrows, which makes the comparison somewhat memorable, but its grayscale-heavy newspaper style and dense text reduce standout visual impact. The dominant display is a state-by-state comparison of positions along a shared quantitative axis.",dumbbell plot,0.88
whoB24_1.png,3,0.42,0.79,"The figure is a fairly standard statistical graphic with repeated purple dots and dense text, which makes it informative but not especially distinctive or visually striking. Its unusual topic may aid recall somewhat, but the overall design is conventional and cluttered.",strip plot,0.9
economist_daily_chart_406.png,3,0.56,0.79,"The world map with highlighted countries and many numeric labels is moderately memorable because of its geographic familiarity and topical subject, but the muted colors and dense annotations reduce distinctiveness. The dominant visualization is a thematic world map shading countries by GM crop area.",choropleth map,0.95
v487_n7405_7_f1.png,3,0.34,0.82,"This is a dense scientific plot with multiple overlaid series, error bars, and annotations, which makes it visually complex but not especially distinctive or easy to recall. Its monochrome styling and technical content reduce memorability compared with simpler or more visually striking graphics.",multi-series log-log scatter plot with fitted curves,0.93
visMost132.png,3,0.82,0.88,"The visualization is highly distinctive due to its dramatic radial layout, vivid color coding, dense labeled spokes, and central globe imagery, which make it visually striking and easier to remember than standard charts. Its complexity may slightly reduce precise recall, but the overall composition is very memorable.",radial dot plot,0.86
economist_daily_chart_69.png,3,0.34,0.82,"This is a fairly standard multi-series economic time-series graphic with muted styling and familiar line patterns, which tends to be only moderately memorable. The sharp recession dip around 2009 adds some distinctiveness, but the overall design remains conventional and text-light.",line chart,0.98
v486_n7401_8_f1.png,3,0.34,0.79,"This is a dense multi-panel scientific figure with several overlaid time-series, annotations, and uncertainty marks, which makes it informative but not especially distinctive or easy to retain at a glance. Its complexity and conventional academic styling reduce memorability compared with simpler or more visually unique graphics.",multi-panel line chart,0.95
whoJ40_2.png,3,0.52,0.79,"The large orange 68% slice and prominent headline make the main message easy to retain, but the overall design is a fairly standard pie chart with limited distinctive visual novelty. Its simple three-part composition supports moderate memorability rather than very high memorability.",pie chart,0.98
economist_daily_chart_116.png,3,0.42,0.8,"This is a fairly standard stacked area chart with muted colors and a conventional layout, which makes it informative but not especially distinctive or visually striking. The upward growth shape and large title help somewhat, but overall it is moderately forgettable compared with more unusual or image-rich visuals.",stacked area chart,0.98
treasuryG02_2.png,3,0.34,0.79,"This is a dense financial chart with many stacked bars, small labels, and muted colors, which tends to be less distinctive and harder to remember than simpler or more visually striking graphics. The large explanatory text helps somewhat, but the overall design remains conventional and information-heavy.",stacked bar chart,0.96
visMost143.png,3,0.58,0.8,"The graphic is clear and structured, with mirrored bars and a strong education narrative that aids recall, but its muted colors and dense category labels make it less distinctive than highly memorable visuals. The dominant form is a vertical bar chart with paired positive and negative bars for each education level.",diverging bar chart,0.94
v488_n7412_1_f4.png,3,0.31,0.82,"This is a plain monochrome line chart with minimal visual distinctiveness, making it relatively hard to remember compared with more colorful or unusual graphics. Its simple single-series trend and sparse styling reduce memorability despite the noticeable late-century dip.",line chart,0.98
v488_n7410_15_f3.png,3,0.42,0.78,"This is a specialized phylogenetic tree with many labels, branches, and muted colors, making it moderately distinctive but not especially easy to recall at a glance. Its scientific structure is somewhat memorable, though the dense text and similar line forms reduce strong visual retention.",phylogenetic tree,0.97
v487_n7405_21_f2.png,3,0.42,0.79,"This is a fairly standard scientific line plot with two colored curves, an inset, and a small molecular illustration; it has some distinctive scientific detail but limited visual novelty for general viewers. The dominant visual form is a continuous x-y line graph rather than the inset or annotation.",line chart,0.97
wsj259.png,3,0.72,0.84,"The graphic is fairly memorable because of its unusual radial layout, bold retailer color coding, and annotated price changes around a clock-like arc. Its dense labeling adds some complexity, which slightly reduces immediate recall compared with simpler iconic visuals.",radial line chart,0.93
whoI12_2.png,3,0.34,0.79,"The figure is a grayscale, cluttered 3D statistical graphic with many similar bars and a dense legend, which makes it visually generic and harder to retain. Its unusual 3D presentation adds some distinctiveness, but overall it lacks strong memorable visual cues.",3D bar chart,0.96
wsj11.png,3,0.42,0.79,"This is a straightforward news-style horizontal bar chart with limited color variation and a familiar layout, which makes it moderately easy to process but not especially distinctive or visually striking. The China increase stands out somewhat, but overall the graphic is conventional and text-heavy.",grouped horizontal bar chart,0.97
wsj135.png,3,0.58,0.82,"The chart has a clear headline, strong color contrast, and a notable annotated comparison at the end, which makes it moderately memorable. However, its conventional newspaper-style grouped bars and familiar layout reduce distinctiveness compared with more unusual visuals.",grouped bar chart,0.97
whoI19.png,3,0.34,0.79,"This is a dense monochrome multi-series epidemiological time chart with limited visual distinctiveness, making it moderately low in memorability despite a notable spike in one series. The dominant visualization is a line chart showing trends over time across regions.",multi-series line chart,0.98
wsj172.png,3,0.52,0.8,"The chart has a clear narrative title, strong red-orange contrast, and a dramatic dip that makes it somewhat memorable, but it remains a fairly standard financial time-series graphic with dense labels. Its overall design is informative rather than visually distinctive enough to be highly memorable.",grouped bar chart,0.93
v487_n7408_15_f3.png,3,0.29,0.82,"This is a fairly standard scientific grouped bar chart with error bars and minimal visual distinctiveness, which tends to be less memorable than more novel or pictorial visuals. The repeated patient categories and monochrome styling make it functional but not especially striking.",grouped bar chart with error bars,0.98
wsj481.png,3,0.42,0.82,"This is a simple newspaper-style ranking graphic with horizontal bars and a clear headline, making it moderately memorable but not especially distinctive visually. The strong negative outlier for Greece may aid recall somewhat, yet the overall design remains conventional and text-heavy.",diverging horizontal bar chart,0.96
vis673.png,3,0.72,0.84,"The large circular web of pastel connecting lines creates a distinctive, visually striking composition that is likely to be remembered, though the dense small text reduces immediate clarity. Its unusual radial layout and bold title increase memorability more than a standard chart would.",chord diagram,0.93
v485_n7397_15_f1.png,3,0.39,0.78,"This visualization is a sparse labeled node-link network with muted colors and many gene names, making it moderately distinctive but not especially memorable compared with more visually striking or simpler charts. The clustered connections and color legend add some structure, yet the overall scientific schematic is fairly generic.",node-link network diagram,0.97
v488_n7412_9_f1.png,3,0.58,0.76,"The map has moderate memorability because the colorful proportional circles over a distinctive Himalayan terrain backdrop create visual interest, but the dense annotations and technical styling make it harder to retain as a simple image. The dominant visualization is a thematic geographic map using sized and colored point symbols.",proportional symbol map,0.93
vis564.png,3,0.72,0.84,"The bold oversized headline, dark background, and repeated human icons create a distinctive, easy-to-encode visual that should be fairly memorable. Its simple two-group comparison and highlighted percentages aid recall, though the infographic style is still somewhat conventional.",pictogram chart,0.96
economist_daily_chart_85.png,3,0.42,0.79,"This is a straightforward ranked bar chart with many similar bars and limited distinctive visual features, which makes it moderately forgettable despite the familiar theme-park topic. The clear ordering and labels help some recall, but the overall design is conventional.",horizontal bar chart,0.98
wsj9.png,3,0.46,0.79,"This is a clear, conventional news graphic with simple color coding and a strong headline, but its standard horizontal bar layout and limited visual novelty make it only moderately memorable. The comparison between two treatments across birth-weight groups is easy to grasp yet not especially distinctive.",grouped horizontal bar chart,0.97
economist_daily_chart_454.png,3,0.42,0.79,"This is a fairly standard ranked horizontal bar chart with muted colors and dense labels, which makes it informative but not especially distinctive or visually striking. The mirrored positive/negative layout adds some structure, yet the overall design remains conventional and moderately forgettable.",diverging horizontal bar chart,0.96
treasuryD05_1.png,3,0.34,0.82,"This is a dense, text-heavy financial-style graphic with a conventional layout and muted color palette, which tends to be less distinctive and harder to remember. The red highlight bars add some visual emphasis, but overall the chart lacks unusual imagery or striking structure that would boost memorability.",waterfall chart,0.98
economist_daily_chart_35.png,3,0.46,0.79,"The chart is clear and information-dense, but its conventional Economist-style design and repeated dot-and-line structure make it only moderately distinctive in memory. A few extreme outliers and the side annotation help, yet the overall visual pattern remains fairly standard.",dumbbell chart,0.95
v488_n7413_3_f2.png,3,0.42,0.76,"The figure is dense and information-rich, with many colored series, annotations, and multiple stacked panels, which makes it harder to encode as a single memorable visual. Its distinctive paleoclimate layout and colorful curved point sequences add some uniqueness, but overall complexity reduces memorability.",multi-panel stratigraphic time-series plot,0.84
wsj359.png,3,0.62,0.82,"The bold headline, thick blue price line, and repeated green/orange directional arrows make the graphic moderately memorable, though it remains a fairly standard financial news chart. Its annotated volatility cues add distinctiveness beyond a plain stock chart.",annotated line chart,0.97
v484_n7394_5_f5.png,3,0.31,0.79,"This is a fairly plain scientific plot with muted grayscale styling, simple lines, and a shaded feasible region, which makes it less visually distinctive and therefore less memorable. Its technical annotations add some structure but not strong visual novelty or iconic elements.",shaded parameter-space line plot,0.88
whoQ26.png,3,0.42,0.79,"This is a straightforward regional map with repeated point markers and dense title text, which makes it informative but not especially distinctive or visually striking. The geographic context helps some recall, but the overall design is fairly standard and subdued.",symbol map,0.95
visMost240.png,3,0.74,0.84,"The visualization is visually distinctive due to its dense radial layout, many colored clustered bubbles, and futuristic topic framing, which makes it more memorable than a standard chart. Its complexity may slightly reduce recall of specific details, but the overall image structure is likely to stick in memory.",radial mind map,0.86
economist_daily_chart_520.png,3,0.42,0.8,"This is a fairly standard dual-axis time-series graphic with muted colors and moderate visual complexity, which makes it informative but not especially distinctive or imageable. The title and contrasting line-over-bars structure add some recall value, but overall it remains a conventional news-style chart.",dual-axis bar-and-line chart,0.97
whoB05_1.png,3,0.34,0.79,"This is a fairly standard stacked area chart with muted colors, dense title text, and no especially distinctive visual features, which makes it only moderately easy to remember. Its broad declining trend is clear, but the overall design is conventional and not highly striking.",stacked area chart,0.98
v485_n7399_9_f2.png,3,0.42,0.78,"This is a clean scientific schematic with simple colored energy levels, sparse annotations, and little visual novelty, making it moderately forgettable despite its clear structure. The dominant visual form is an energy band alignment diagram comparing levels across materials.",energy band diagram,0.96
economist_daily_chart_53.png,3,0.42,0.78,"The chart is clean and distinctive with an unusual topic and Olympic branding, which helps recall, but its sparse grid of small marks and dense labels make the visual pattern less instantly memorable than more pictorial or colorful graphics. The dominant form is a matrix of event categories by year with marks indicating occurrences.",event timeline matrix,0.86
economist_daily_chart_110.png,3,0.58,0.82,"The world map with strong red shading and a few labeled countries is moderately memorable because of its familiar geographic form and high color contrast, though it remains a fairly standard thematic map. The design is informative but not especially distinctive or visually novel.",choropleth world map,0.98
wsj220.png,3,0.42,0.8,"This is a straightforward single-series bar chart with a strong headline but otherwise conventional styling and limited distinctive visual features, making it moderately forgettable. The topic is serious and may aid recall somewhat, but the design itself is not especially unique.",bar chart,0.98
treasuryK05_1.png,3,0.39,0.8,"This is a fairly generic 3D pie chart with simple labels and limited visual distinctiveness, which tends to be only moderately memorable. The dominant large slice and sparse color palette make it somewhat recognizable, but the overall design is common and not especially striking.",3D pie chart,0.99
wsj360.png,3,0.62,0.8,"The graphic is moderately memorable because it uses a clear chronological layout with strong red bars and emotionally salient subject matter, but the design itself is fairly standard and text-heavy. The dominant visual form is a set of horizontally oriented bars comparing deaths and injuries across incidents.",horizontal bar chart,0.95
economist_daily_chart_516.png,3,0.42,0.79,"This is a straightforward horizontal grouped bar chart with muted colors and a conventional layout, which makes it informative but not especially distinctive or visually striking. The strong topic label and extreme orange juice export bar add some memorability, but overall it remains fairly standard.",grouped horizontal bar chart,0.97
wsj540.png,3,0.58,0.8,"The chart has a distinctive newspaper-style headline and a prominent callout bubble, which make it somewhat memorable, but the overall design is still a fairly standard ranked time-series graphic. Its moderate visual complexity and muted palette limit standout memorability.",annotated dot plot,0.84
wsj176.png,3,0.42,0.79,"This is a fairly standard newspaper-style economic graphic with muted colors and a familiar bar-plus-line presentation, which makes it moderately forgettable despite the prominent headline. The clear annotation and combined trend/bar encoding add some distinctiveness but not enough to make it highly memorable.",bar chart with overlaid line chart,0.97
wsj521.png,3,0.46,0.79,"The graphic is a straightforward news-style bailout comparison with simple horizontal bars and text labels, making it moderately understandable but not especially distinctive or visually striking. Its muted palette and conventional layout reduce memorability despite the prominent headline and country names.",horizontal bar chart,0.95
economist_daily_chart_48.png,3,0.68,0.84,"The U.S. map with strong red-green state coloring and a familiar obesity topic makes the image fairly memorable, though it uses a conventional news-style design rather than a highly distinctive visual form. Its geographic layout and choropleth shading dominate recall.",choropleth map,0.99
vis87.png,3,0.56,0.79,"The map has moderate memorability because it shows a recognizable geographic shape of Brooklyn with clear color-coded neighborhoods, but its muted palette and dense labeling make it less visually distinctive than more iconic or simplified graphics. The dominant visualization is a thematic map shading small geographic areas by education category.",choropleth map,0.98
wsj286.png,3,0.72,0.84,"The graphic is fairly memorable because of its bold black-and-orange palette, oversized red circles, and clear bailout timeline narrative, though it remains somewhat dense and text-heavy. Its dominant structure is a chronological sequence of annotated milestones rather than a quantitative plot.",timeline infographic,0.95
visMost374.png,3,0.74,0.84,"The visualization is fairly memorable because it combines a world map with colorful 3D cubes and many country callouts, creating a distinctive and information-rich appearance. Its dense labeling reduces instant recall somewhat, but the unusual thematic map design remains visually salient.",proportional symbol world map,0.95
whoK19_1.png,3,0.42,0.79,"The visualization uses a clear title and distinct color-coded stacked areas, but its overall design is fairly conventional and text-heavy, which limits memorability. The unusual sloped transitions between years add some distinctiveness without making it highly iconic.",stacked area chart,0.84
economist_daily_chart_153.png,3,0.42,0.79,"This is a fairly standard stacked time-series graphic with muted colors and a conventional layout, which makes it informative but not especially distinctive or visually striking. The topic is somewhat salient, yet the chart design itself is common and likely only moderately memorable.",stacked area chart,0.98
v483_n7391_8_f1.png,3,0.28,0.82,"This is a fairly plain monochrome scientific plot with simple axes and overlaid curves/markers, which tends to be less distinctive and harder to remember than colorful or unusual visuals. Its content is technical but visually generic, reducing memorability.",line chart,0.91
wsj271.png,3,0.58,0.84,"The chart has moderate memorability due to its bold headline, strong red/green contrast, and prominent callout highlighting the latest GDP estimate. However, it uses a fairly standard newspaper-style bar chart layout, which makes it less distinctive overall.",vertical bar chart,0.97
economist_daily_chart_89.png,3,0.58,0.8,"The visualization is moderately memorable because it uses a vivid red choropleth-style overlay on a recognizable Arctic map, but its dense labels and complex geographic detail reduce distinctiveness and ease of recall. The strong regional shape and color contrast help retention more than a typical text-heavy thematic map.",thematic map,0.96
wsj392.png,3,0.52,0.78,"The graphic is simple and easy to parse, with strong color contrast and large labeled blocks, which helps recall. However, it uses a fairly standard news-style layout without especially distinctive imagery or unusual structure, so memorability is moderate rather than high.",proportional area chart,0.84
visMost271.png,3,0.86,0.9,"The visualization is highly memorable because it uses a large world map with vivid country coloring, oversized car-brand logos, and a distressed poster-like aesthetic that creates strong visual distinctiveness. The dense annotations reduce instant readability somewhat, but the overall composition and thematic imagery make it easy to remember.",thematic world map,0.97
whoI11_2.png,3,0.34,0.79,"This is a fairly standard monochrome scientific chart with stacked bars, dense axis labels, and limited visual distinctiveness, which tends to make it less memorable. The topic is somewhat specific, but the overall design is conventional and not especially striking.",stacked histogram,0.86
wsj462.png,3,0.58,0.8,"The visualization uses a recognizable Afghanistan map with contrasting red-green regional shading and large labels, which aids recall, but its newspaper-style layout and muted palette are fairly conventional. The geographic shape and highlighted south region make it moderately memorable rather than highly distinctive.",choropleth map,0.97
economist_daily_chart_416.png,3,0.42,0.79,"This is a fairly standard financial graphic with blue bars and an overlaid brown line on a muted background, making it moderately distinctive but not especially memorable. The dramatic oil-price spike adds some visual interest, yet the overall design remains conventional and text-heavy.",dual-axis bar-and-line chart,0.97
v485_n7400_14_f1.png,3,0.42,0.79,"This is a dense geological map with many colored regions, labels, symbols, and a legend, which makes it visually complex but not especially distinctive or instantly memorable to most viewers. The map structure and specialized content aid recognition somewhat, but the overall clutter reduces memorability.",geological map,0.98
v483_n7388_11_f2.png,3,0.29,0.82,"This is a dense monochrome scientific bar chart with many rotated labels and similar-looking grouped bars, which makes it visually generic and harder to remember. Its lack of distinctive color, imagery, or standout focal elements lowers memorability.",grouped bar chart,0.95
economist_daily_chart_124.png,3,0.62,0.84,"The Africa map with country labels and a red choropleth scale is visually distinctive and geographically meaningful, which aids recall, but its dense labeling and fairly standard thematic-map design limit standout memorability. The dominant visualization is a choropleth map showing country-level values across Africa.",choropleth map,0.98
wsj270.png,3,0.58,0.79,"The chart has moderate memorability because the bold title, strong upward trajectories, and country flag callouts create distinctive cues, but the overall design remains a fairly standard multi-series business graphic. The contrasting black and blue lines for China and India are especially salient and likely to be remembered more than the full chart details.",multi-series line chart,0.98
vis230.png,3,0.62,0.79,"The mirrored layout, national flags, and contrasting green-orange bars make the graphic visually distinctive and easier to recall than a standard statistical chart. However, its dense labels and repeated structure reduce uniqueness and may limit strong memorability.",butterfly bar chart,0.95
treasuryB10.png,3,0.52,0.79,"The visualization has some memorable features such as large red/blue 3D blocks, a prominent headline, and strong positive/negative contrasts, but it is also text-heavy and visually similar to many policy infographics. The dominant graphic is a sequence of bars extending above and below a baseline to show gains and costs.",diverging bar chart,0.84
economist_daily_chart_317.png,3,0.42,0.79,"This is a fairly standard world map with muted colors and a simple categorical legend, making it informative but not especially distinctive or visually striking. Its broad geographic coverage helps recognition somewhat, but the design is conventional and text-light.",choropleth world map,0.97
v487_n7406_13_f2.png,3,0.68,0.82,"The visualization is moderately memorable because it combines a scientific scatterplot with distinctive dinosaur and bird silhouettes plus annotated morphometric outlines, creating unusual visual cues. Its complexity and dense labeling reduce immediate recall somewhat, but the thematic imagery makes it stand out more than a typical academic chart.",PCA scatter plot,0.96
wsj340.png,3,0.52,0.79,"The large orange coal segment and bold headline create a moderately memorable impression, but the overall design is a fairly standard news-style infographic with limited novelty. Its simple color palette and familiar composition make it understandable yet not especially distinctive.",donut chart,0.98
wsj529.png,3,0.62,0.84,"The graphic has a strong headline, clear color coding, and a distinctive grouped horizontal layout that aids recall, but it remains a fairly standard newspaper-style statistical chart without highly unusual imagery. Its categorical comparisons by race and age make it moderately memorable rather than strikingly iconic.",grouped horizontal bar chart,0.97
v484_n7395_11_f1.png,3,0.42,0.78,"This figure is a scientific geospatial map with muted colors, dense contextual detail, and limited iconic elements, which makes it moderately forgettable compared with simpler or more visually distinctive graphics. The inset locator map and Antarctic setting add some uniqueness, but the overall appearance remains typical of research maps.",thematic heat map,0.84
vis409.png,3,0.72,0.84,"The infographic is visually distinctive due to its bold title, large dollar figure, central 3D dollar symbol over a USA map, and colorful industry pie chart, which make it more memorable than a standard chart. Its dense layout and many small text panels add complexity that may slightly reduce recall of specific details.",infographic with pie chart,0.93
wsj55.png,3,0.42,0.79,"The visualization is a fairly standard newspaper-style stacked bar chart with muted colors and dense explanatory text, which makes it informative but not especially distinctive or visually striking. Its large title and simple two-column comparison add some structure, but overall it is only moderately memorable.",stacked bar chart,0.97
visMost357.png,3,0.82,0.88,"The visualization is highly distinctive due to its dramatic Breaking Bad theme, large bold title, character image embedded in the chart, and many annotated callouts, all of which make it visually striking and easier to remember. The primary structure is a circular part-to-whole display with wedges representing expenses and remaining earnings.",pie chart,0.95
v484_n7394_10_f4.png,3,0.42,0.78,"This figure is a dense scientific time-series graphic with multiple overlaid bands, annotations, and dual y-axes, which makes it informative but not especially easy to encode distinctly in memory. Its unusual geological context and layered styling add some distinctiveness, but overall it resembles many complex academic charts.",annotated multi-series line chart,0.9
wsj316.png,3,0.78,0.87,"The visualization is fairly memorable because it combines a dramatic annotated time-series with a striking nighttime photo backdrop and bold event callouts, creating strong visual distinctiveness. The unusual newspaper-style composition and salient color contrasts make it easier to recall than a standard chart.",annotated line chart,0.96
visMost376.png,3,0.88,0.93,"The visualization is highly memorable because it uses the iconic Millennium Falcon silhouette combined with vivid color-coded segments and a bold revenue callout, creating a distinctive thematic image. Its unusual shape and strong pop-culture association make it much easier to recall than a standard chart.",pictorial proportional area chart,0.72
vis618.png,3,0.62,0.8,"The U.S. map with strong red-blue state highlights and geographic familiarity makes it moderately memorable, though the dense labels and standard infographic style reduce distinctiveness. Its dominant form is a thematic map shading states by value/rank.",choropleth map,0.98
visMost187.png,3,0.72,0.84,"The visualization is fairly memorable because it uses large, brightly colored circles with stark size differences and a clear descending layout, making the diseases easy to distinguish at a glance. Its simple white background and limited structural complexity help retention, though the design is still a fairly standard infographic bubble display rather than a highly novel scene.",bubble chart,0.96
wsj144.png,3,0.62,0.8,"The hub-and-spoke flight paths radiating from La Guardia over a U.S. map create a distinctive visual structure that is moderately memorable, though the dense labels and long destination list add clutter. Its geographic context and contrasting route colors help retention more than a standard text-heavy chart would.",flow map,0.97
visMost505.png,3,0.82,0.9,"The visualization is likely quite memorable because it uses large, vividly colored bubbles, a provocative title, and emotionally salient disease labels that stand out strongly. Its unusual combination of bubble size, position, and health-risk framing makes the image easier to retain than a typical chart.",bubble chart,0.98
v486_n7403_19_f2.png,3,0.34,0.79,"This visualization is a dense genomic alteration matrix with many small colored cells and limited distinctive visual landmarks, which tends to reduce memorability. Its structured layout and strong red-blue contrast help somewhat, but overall it is still fairly generic and information-dense.",oncoprint heatmap,0.96
economist_daily_chart_129.png,3,0.46,0.82,"This is a fairly standard annotated economic time-series graphic, which is moderately memorable due to the bold callouts, forecast shading, and highlighted gap marker, but not highly distinctive overall. Its structure and styling are familiar and information-dense rather than visually iconic.",annotated line chart,0.97
visMost420.png,3,0.74,0.84,"The visualization is fairly memorable because of its striking space-themed background, central globe, and bold circular composition, which create a distinctive visual identity. The chart is also somewhat dense with small labels and text blocks, which slightly reduces immediate recall of specific details.",doughnut chart,0.97
vis853.png,3,0.84,0.88,"The glowing 3D globe with large red proportional circles on a dark background is visually distinctive and likely to be remembered better than a standard static chart. Its dramatic spatial presentation and strong contrast make the image salient, though the dense annotations add some clutter.",proportional symbol map,0.93
visMost190.png,3,0.82,0.9,"The visualization is highly memorable due to its bold headline, strong NBA branding, vivid orange-blue contrast, and distinctive team logos and trophy icons layered over the plot. Its dense but visually striking composition makes the overall image easier to recall than a typical statistical chart.",annotated scatter plot,0.93
v485_n7400_15_f2.png,3,0.68,0.82,"The visualization is moderately memorable because the bird photos and unusually embedded mini-distributions make it more distinctive than a standard scientific chart, though the overall layout remains a fairly typical multi-category comparison. The dominant visual form is a set of vertical bars comparing categories.",bar chart,0.95
visMost537.png,3,0.78,0.86,"The visualization is visually distinctive and likely memorable because of its dense web of colored relationship lines, character icons, and the recognizable 'Mad Men' theme. Its complexity and many labels may reduce exact recall somewhat, but the overall image is striking and unusual.",network diagram,0.98
v489_n7416_15_f2.png,3,0.29,0.82,"This is a sparse, monochrome scientific plot with simple point markers and little visual distinctiveness, which tends to be less memorable than colorful or richly structured graphics. The main visual pattern is a two-group distribution of points across two numeric axes.",scatter plot,0.97
economist_daily_chart_202.png,3,0.39,0.8,"This is a fairly standard labeled scatter plot with muted styling and many country annotations, making it informative but not especially distinctive or visually striking. The Christmas theme adds slight semantic interest, but the overall design is conventional and moderately forgettable.",scatter plot,0.98
wsj99.png,3,0.72,0.84,"The visualization is fairly memorable because it uses a recognizable city map base with bold outlined school zones, distinct color regions, and prominent labels that create a strong spatial narrative. Its topical framing and annotated callout also help retention, though the dense street background adds some visual complexity.",thematic map,0.95
v489_n7415_12_f5.png,3,0.42,0.79,"This is a straightforward ranked horizontal bar chart with many text labels and limited distinctive visual features, which makes it moderately forgettable despite the strong red/orange color coding. The ordered bars and significance legend add some structure, but the overall design is conventional and information-dense rather than visually iconic.",horizontal bar chart,0.98
wsj511.png,3,0.56,0.79,"The map has a clear geographic context and colored point markers that make the subject understandable, but its muted palette and conventional news-map styling make it only moderately distinctive. The labeled mineral sites add some memorable content, though the overall design is fairly standard.",thematic symbol map,0.95
wsj292.png,3,0.46,0.79,"The graphic uses a simple stacked comparison with strong color blocks and clear annotations, which aids recall somewhat, but its newspaper-style layout and text-heavy presentation are fairly conventional and not especially distinctive. The dominant visual form is a stacked vertical bar comparing lost capacity with replacement components.",stacked bar chart,0.94
v483_n7390_8_f1.png,3,0.42,0.79,"This is a specialized scientific line diagram with clear color contrast and annotations, which adds some distinctiveness, but its abstract content and sparse visual structure make it only moderately memorable to most viewers. The dominant form is multiple straight lines plotted against axes to show relationships across magnetic field values.",annotated line chart,0.94
wsj162.png,3,0.62,0.8,"The visualization is moderately memorable because it combines a distinctive political-sports framing, presidential portraits, and strong orange/blue diverging bars, which create recognizable visual anchors. However, it is still a fairly dense newspaper-style chart with many labels and years, which reduces immediate recall compared with simpler graphics.",diverging bar chart,0.95
visMost601.png,3,0.78,0.87,"The chalkboard aesthetic, large title, and colorful overlaid story arcs make this visualization visually distinctive and conceptually unusual, which boosts memorability. Its dense annotations add uniqueness, though the complexity may slightly reduce immediate recall of specific details.",annotated line chart,0.91
visMost147.png,3,0.72,0.84,"The dark world map with vivid red-orange proportional circles and the unusual zombie theme makes the image distinctive and easier to remember than a typical statistical graphic. Its global layout is familiar, but the dense point pattern and explanatory text reduce uniqueness slightly.",proportional symbol map,0.97
economist_daily_chart_45.png,3,0.62,0.79,"The pictogram markers for women and men smoking rates create a distinctive and somewhat memorable visual, but the overall design is still a fairly standard comparative statistical graphic with many repeated rows. Its icon-based encoding helps retention more than a plain chart would, though the dense list of countries limits uniqueness.",pictogram dot plot,0.84
v486_n7401_8_f2.png,3,0.58,0.8,"The image is moderately memorable because the vivid global ocean temperature gradients and labeled site markers create a clear visual structure, but it still resembles a fairly standard scientific map. Its distinctive color field helps retention more than a plain chart would, though the overall design is not highly unique.",thematic heat map,0.87
visMost77.png,3,0.82,0.9,"The visualization is highly memorable because it uses a colorful hand-drawn mind map layout with many illustrated icons, faces, and branching labels that create strong visual distinctiveness. Its dense but playful structure and central focal topic make it more likely to stick in memory than a conventional chart.",mind map,0.99
economist_daily_chart_219.png,3,0.68,0.82,"The world map with large overlapping red and green proportional circles is visually distinctive and geographically anchored, which aids recall. However, the dense overlap and many labels make it somewhat cluttered, limiting memorability compared with simpler iconic graphics.",proportional symbol map,0.97
visMost92.png,3,0.82,0.9,"The visualization is highly distinctive because it combines a famous movie brand, bold logo styling, and unusual time-travel arcs on a dark background, making it more memorable than a typical chart. Its narrative structure and iconic subject matter further increase recall.",timeline infographic,0.97
economist_daily_chart_475.png,3,0.72,0.84,"The bold red flow arrows converging on China over a world map create a visually distinctive, easy-to-remember focal structure. The geographic context and varied arrow thickness add salience, though the dense labels and familiar news-graphic style reduce uniqueness somewhat.",flow map,0.97
v483_n7388_14_f3.png,3,0.31,0.79,"This is a fairly standard multi-series scientific scatter plot with simple marker encodings and little distinctive imagery, making it moderately low in memorability. The colored marker shapes and separated green series add some differentiation but not enough to make it highly memorable.",scatter plot,0.96
visMost468.png,3,0.74,0.84,"The holiday theme, large headline, and distinctive stepped red deadline blocks make the graphic fairly memorable compared with a standard business chart. Its dense labels reduce uniqueness somewhat, but the overall poster-like design stands out.",timeline chart,0.82
v483_n7391_1_f1.png,3,0.62,0.8,"The island map with vivid bathymetric coloring and inset 3D coastal panels is visually distinctive and moderately memorable, though it is still a technical scientific figure with dense annotations. Its dominant form is a geographic relief/bathymetric map with linked inset views.",annotated topographic map,0.84
vis734.png,3,0.68,0.82,"The visualization is visually distinctive due to its dense matrix of colored horizontal segments, dark background, and striking title, which aids recognition. However, its high complexity and heavy text density make specific details harder to retain after a brief viewing.",timeline heatmap,0.84
vis278.png,3,0.72,0.84,"The visualization is visually distinctive because of its dense multicolored spatial dot pattern over a recognizable city map, making it more memorable than a typical chart. Its complexity and heavy detail may reduce precise recall somewhat despite the striking overall appearance.",dot density map,0.97
wsj21.png,3,0.62,0.79,"The airplane photos and large annotated circles make the graphic more distinctive than a standard chart, which should aid recall. However, the dense labels and somewhat cluttered layout reduce immediate clarity and uniqueness.",bubble timeline,0.86
v486_n7403_1_f8.png,3,0.34,0.79,"This is a fairly standard overlaid histogram with muted styling and dense bars, which makes it less distinctive and harder to remember than more visually unique charts. The small color accents and annotation help slightly, but the overall scientific plot remains moderately low in memorability.",overlaid histogram,0.96
wsj593.png,3,0.52,0.79,"This is a clean horizontal bar chart with strong contrast and a highlighted Greece bar, which adds some distinctiveness. However, the overall design is fairly standard and text-heavy, limiting long-term memorability compared with more novel or pictorial visuals.",horizontal bar chart,0.98
visMost635.png,3,0.58,0.82,"The U.S. map with large translucent blue circles is visually distinctive and easy to parse, which supports moderate memorability. However, the design is still a fairly conventional thematic map without a highly unusual narrative or striking annotation that would make it exceptionally memorable.",bubble map,0.97
vis586.png,3,0.68,0.84,"The chart has a strong, dramatic headline and a striking downward trend that makes the message easy to retain, aided by bold color contrast and a newspaper illustration. However, it is still a fairly conventional statistical graphic, which limits distinctiveness compared with more unusual visuals.",line chart,0.98
v489_n7416_3_f4.png,3,0.52,0.77,"The visualization is dense and visually distinctive due to its colorful matrix, many annotations, and highlighted regions, which makes it somewhat memorable. However, its complexity and scientific formatting reduce immediate recall compared with simpler or more iconic images.",heatmap,0.98
visMost575.png,3,0.72,0.82,"The graphic is fairly memorable because of its distinctive rotated diamond layout, strong pink/blue color coding, and prominent pricing callouts, though the dense annotations reduce immediate recall somewhat. Its dominant form is a custom infographic matrix mapping connection against capacity with upgrade paths and prices.",infographic matrix,0.78
v490_n7418_14_f2.png,3,0.31,0.82,"This is a sparse black-and-white scientific tree diagram with many taxon labels and little color or pictorial distinctiveness, which tends to make it less memorable. Its specialized content may aid experts somewhat, but overall it lacks strong visual hooks for broad recall.",phylogenetic tree,0.98
wsj553.png,3,0.72,0.84,"The visualization is fairly memorable because it uses bold pictograms, national flags, and strong red-gray contrast to communicate a simple comparison. Its clean layout and human icons make it easier to recall than a standard statistical chart, though it is still a familiar infographic style.",pictogram chart,0.96
v490_n7419_11_f1.png,3,0.72,0.84,"The visualization is fairly memorable because it combines a geographic map with vivid earthquake markers, focal mechanism symbols, and a highlighted rupture zone, creating a distinctive scientific scene. Its dense annotations and specialized symbology add complexity, which helps uniqueness but slightly reduces immediate recall.",thematic map,0.95
vis697.png,3,0.82,0.88,"The visualization is highly distinctive due to its dramatic dark theme, large bold typography, and striking red proportional circles over a UK map, which make it visually salient and easier to remember. Its infographic styling and strong regional focus further increase memorability compared with standard charts.",proportional symbol map,0.95
vis625.png,3,0.74,0.84,"The image is fairly memorable because it combines a bold headline, a recognizable political figure, and a high-contrast infographic layout centered on a salient percentage. The dominant visualization is a pie chart with labeled slices, which is visually clear but somewhat common.",pie chart,0.95
vis630.png,3,0.68,0.79,"The large child silhouette, oversized percentages, and bold colored circles create a distinctive visual that is more memorable than a standard chart. However, the layout is somewhat cluttered and text-heavy, which reduces clarity and retention.",infographic,0.96
wsj20.png,3,0.78,0.87,"The soccer-field backdrop, player photos, and dramatic curved shot trajectories make the graphic visually distinctive and easier to remember than a standard statistical chart. Its sports narrative and unusual spatial layout increase memorability despite some visual clutter.",annotated trajectory map,0.84
vis399.png,3,0.62,0.79,"The large circular network with many pastel connecting lines creates a distinctive and visually striking structure, which boosts memorability. However, the dense labels and fine detail make it harder to parse quickly, limiting how strongly specific content is retained.",chord diagram,0.91
wsj226.png,3,0.68,0.82,"The graphic is fairly memorable because it uses large wheat-silo pictograms, national flags, and bold percentage annotations, which create distinctive visual cues. However, it still follows a conventional comparative business-news layout, limiting uniqueness somewhat.",pictorial bar chart,0.95
wsj441.png,3,0.58,0.79,"The India map silhouette and strong red-green regional coloring make the graphic moderately memorable, but the overall newspaper-style design and dense geographic detail are fairly conventional. The dominant visualization is a thematic map shading states by rainfall deviation categories.",choropleth map,0.98
wsj395.png,3,0.46,0.79,"This is a fairly standard annotated financial/news graphic with two time-series lines and policy event callouts; the topic and labels add some distinctiveness, but the overall design is conventional and not highly visually striking. Its memorability is moderate because the annotations and bold title help, while the muted palette and familiar line-chart structure reduce uniqueness.",annotated line chart,0.97
v486_n7404_6_f1.png,3,0.34,0.79,"This image is a specialized scientific heatmap with muted repetitive texture and limited distinctive structure beyond one bright hotspot and diagonal streaks, which makes it only moderately memorable. The dominant visualization is a color-encoded matrix of values with axes and a colorbar.",heatmap,0.97
np_7.png,3,0.82,0.88,"The visualization is highly distinctive because of its dramatic large Mars circle, dense annotated mission lines, and poster-like layout, which make it visually striking and easier to remember than a standard chart. Its complexity may slightly reduce recall of details, but the overall composition is memorable.",timeline infographic,0.93
wsj557.png,3,0.74,0.84,"The dramatic nighttime power-plant photograph, bold headline, and bright highlighted 2011 callout make this graphic visually distinctive and easier to remember than a typical chart. The embedded data display is simple but the strong photographic background and news-style annotation drive memorability.",lollipop chart,0.93
economist_daily_chart_521.png,3,0.42,0.78,"This is a fairly standard multi-series time chart with muted colors and a conventional layout, which makes it informative but not especially distinctive or visually striking. The topic of space junk adds some interest, but the overall design is typical and moderately memorable at best.",multi-series line chart,0.97
economist_daily_chart_493.png,3,0.52,0.77,"This is a detailed thematic map of Germany with multiple colored regions, labels, and inset values, which makes it moderately distinctive but also somewhat dense and conventional. The geographic structure helps memory, though the muted palette and heavy annotation reduce standout visual impact.",choropleth map,0.95
visMost282.png,3,0.72,0.84,"The visualization is fairly memorable because of its bold title, distinctive radial layout, and strong color contrasts on a dark background. Its dense labeling reduces instant recall somewhat, but the unusual circular infographic structure helps it stand out.",multi-level radial bar chart,0.88
np_48.png,3,0.74,0.84,"The visualization is visually distinctive because of its large central circle, dense radial arrangement, and many connected blue bubbles, which makes the overall structure memorable. However, the heavy amount of small text and repeated circle marks reduce recall of specific details.",packed bubble chart,0.72
visMost108.png,3,0.74,0.84,"The visualization is fairly memorable because of its unusual circular 3D ring, strong red-to-green color gradient, and the prominent USA silhouette in the center. Its infographic styling and novelty make it more distinctive than a standard chart, though the dense labels and decorative elements add some clutter.",3D radial bar chart,0.93
wsj184.png,3,0.82,0.88,"The image is highly distinctive because it combines a stock market line chart with a football field play diagram and money-stack illustrations, creating an unusual metaphor-rich composition that is likely to stick in memory. Its bold title, strong visual contrast, and layered infographic styling further increase memorability.",annotated line chart infographic,0.84
vis729.png,3,0.74,0.84,"The visualization is fairly memorable because of its bold oversized percentages, strong color blocking, and the distinctive UK map silhouette integrated into the layout. Its infographic styling and clear hierarchy make it more memorable than a standard statistical chart, though the dense text slightly reduces retention.",infographic,0.93
whoL11.png,3,0.72,0.84,"The visualization is fairly memorable because of its unusual three-globe world layout, vivid color-coded point clusters, and strong thematic focus on global rice fields. Its dense detail and map-like complexity reduce immediate recall somewhat compared with simpler iconic charts.",thematic world map,0.95
vis250.png,3,0.74,0.84,"The visualization is fairly memorable because it combines a bold headline, strong partisan color contrast, and recognizable photos of Obama and Romney, creating a clear political narrative. Its simple grouped bars and prominent percentages make the main message easy to retain after a brief viewing.",grouped bar chart,0.97
visMost54.png,3,0.84,0.9,"The visualization is highly distinctive due to its dramatic space-themed design, large Mars illustration, and curved mission paths that create a striking narrative graphic. Its unusual aesthetic and rich visual structure make it more memorable than a typical chart, though the dense labeling slightly reduces immediate recall.",radial timeline,0.88
wsj52.png,3,0.82,0.9,"The bold yellow background, oversized McDonald's arches, and prominent callout make this financial graphic visually distinctive and easy to remember. Its simple single-series trend line also supports quick gist extraction without much clutter.",line chart,0.98
economist_daily_chart_268.png,3,0.62,0.79,"The visualization is moderately memorable because it uses large national flags as pictorial marks, which are distinctive and easy to recognize, but the overall layout is still a fairly standard comparative infographic. The repeated circular flag icons across time points create some visual interest without being highly novel or emotionally striking.",pictogram chart,0.84
visMost523.png,3,0.88,0.9,"The glowing global pattern of earthquake points over a dark world map is visually striking and distinctive, making it easy to remember. Strong contrast, dense spatial structure, and the recognizable Ring of Fire increase memorability.",world dot map,0.96
vis286.png,3,0.39,0.76,"The image is a fairly generic dotted world map with minimal color contrast and sparse annotation, which makes it less distinctive and harder to remember. The bright highlighted regions and large date label add some salience, but overall it remains visually repetitive and subdued.",dot density world map,0.88
wsj129.png,3,0.68,0.84,"The visualization is fairly memorable because it uses large book-cover images, stacked-book pictorial bars, and strong numeric labels that create distinctive visual anchors. However, the layout is still somewhat infographic-dense and text-heavy, which reduces instant recall compared with simpler iconic visuals.",pictorial bar chart,0.95
np_21.png,3,0.84,0.88,"The visualization is highly distinctive due to its dramatic radial world-map layout, bold headline, and dense ring of colorful pictograms, which make it visually striking and likely to be remembered. Its complexity may slightly reduce precise recall, but the overall composition is unusually salient.",radial infographic,0.9
visMost55.png,3,0.72,0.84,"The visualization is fairly memorable because it uses a distinctive bookshelf metaphor with book spines as bars, bold colors, and a striking oversized first bar. Its novelty and strong visual hierarchy make it easier to recall than a standard bar chart.",pictorial bar chart,0.95
wsj299.png,3,0.84,0.89,"The visualization is highly memorable because it combines a large, vivid sneaker photo, strong contrast, and a prominent $300 callout with a simple supporting price comparison graphic. The dominant visual impression comes from the product imagery and bold annotation rather than the chart details alone.",horizontal bar chart,0.93
vis67.png,3,0.82,0.88,"The visualization is highly distinctive because of its organic branching structure, vivid color contrasts, and unusual tree-like layout, which make it more memorable than standard charts. The large labeled clusters and iconic 'tree of life' metaphor further strengthen recall.",radial phylogenetic tree,0.95
visMost83.png,3,0.62,0.84,"The bold title and unusual calendar-like matrix of shaded cells make the graphic moderately memorable, though its muted palette and repetitive structure limit distinctiveness. The visualization is primarily a heatmap showing frequency by month and day.",heatmap,0.97
wsj536.png,3,0.62,0.84,"The image is moderately memorable because the bright yellow bars over a dramatic photographic background and bold headline create a distinctive visual impression. However, it remains a fairly standard financial news graphic, which limits uniqueness compared with more unusual visual forms.",vertical bar chart,0.98
wsj264.png,3,0.74,0.84,"The large photographic cotton image creates a strong, distinctive visual anchor that is more memorable than a standard chart alone. The overlaid bars are secondary but clear, making the overall piece a memorable annotated news graphic.",bar chart,0.96
v488_n7411_9_f1.png,3,0.42,0.78,"This is a scientifically informative but visually conventional ocean map with a smooth temperature color field and overlaid markers, which tends to be moderately forgettable compared with more distinctive or narrative graphics. The bright gradient and geographic context add some visual interest, but the overall design is typical of geospatial scientific plots.",thematic heat map,0.84
visMost745.png,3,0.74,0.84,"The visualization is visually striking and likely memorable because it uses photographic mountain silhouettes, a dramatic central Everest peak, and a clean infographic layout. Its distinctive scenic imagery and strong hierarchy make it more memorable than a typical statistical chart.",pictorial comparison chart,0.82
v484_n7392_14_f3.png,3,0.72,0.84,The large dinosaur silhouettes and unusual evolutionary layout make the image visually distinctive and easier to remember than a typical chart. Its monochrome styling and sparse labeling reduce some memorability compared with more colorful or annotated graphics.,phylogenetic tree,0.97
vis768.png,3,0.56,0.79,"The visualization has a distinctive political headline and uses colored bubbles positioned on two quantitative axes, which makes it moderately memorable, but the dense annotations and many labels reduce immediate recall. The dominant graphic is a scatterplot with bubble sizes encoding group share.",bubble scatterplot,0.96
whoI22.png,3,0.34,0.79,"This is a fairly standard grayscale bar chart with many rotated category labels and little distinctive visual styling, which tends to reduce memorability. The unusually tall 'Not identified' bar adds some salience, but overall the figure remains generic and text-heavy.",vertical bar chart,0.98
v488_n7412_8_f1.png,3,0.58,0.79,"The globe-like Pacific map with many labeled island locations and highlighted point markers is moderately memorable because of its distinctive geographic context, though the dense labels and muted palette reduce standout impact. The dominant visualization is a thematic map showing point locations over a projected world map.",thematic point map,0.94
vis652.png,3,0.74,0.84,"The infographic is fairly memorable because it uses bold headline text, strong color contrast, and striking stacks of coins to compare drug prices against poverty context in India. Its distinctive pictorial metaphor and large numeric callouts make it easier to recall than a standard statistical chart.",pictorial infographic,0.93
vis678.png,3,0.84,0.9,"The visualization is highly memorable because of its bold collegiate color blocks, large mascots/logos, dense sports-themed illustrations, and dramatic headline typography. The central quantitative display is a mirrored set of vertical bars comparing two teams across years, making the dominant chart form a diverging bar chart.",diverging bar chart,0.88
vis831.png,3,0.84,0.9,The image is highly memorable because it uses an unusual physical metaphor—ramen blocks sized as data marks—combined with strong color contrast and handwritten annotations. Its novelty and tactile appearance make it more distinctive than a standard statistical graphic.,pictorial proportional area chart,0.82
